:020000040800F2
:10000000280D002441030008D17E0008E970000893
:10001000C97E000869070008F1A800080000000078
:10002000000000000000000000000000F182000855
:100030007107000800000000497F00085183000894
:100040005B0300085B0300085B0300085B03000818
:100050005B0300085B0300085B0300085B03000808
:100060005B0300085B0300085B0300085B030008F8
:100070005B0300085B0300085B0300085B030008E8
:100080005B0300085B0300085B0300085B030008D8
:100090005B0300085B0300085B0300085B030008C8
:1000A0005B0300085B0300085B0300085B030008B8
:1000B0005B0300085B0300085B0300085B030008A8
:1000C0005B0300085B0300085B0300085B03000898
:1000D0005B0300085B0300085B030008E1A800085D
:1000E0005B0300085B030008000000005B030008DE
:1000F0005B0300085B0300085B0300085B03000868
:100100005B0300085B030008A18500085B0300088F
:100110005B0300085B0300085B0300085B03000847
:100120005B0300085B0300085B0300085B03000837
:100130005B0300085B0300085B0300085B03000827
:1001400000000000000000000000000000000000AF
:100150005B0300085B0300085B0300085B03000807
:100160005B0300085B0300085B0300085B030008F7
:100170005B0300085B0300085B0300085B030008E7
:100180005B0300085B0300085B0300085B030008D7
:100190005B0300085B0300085B0300085B030008C7
:1001A0005B0300085B0300085B0300085B030008B7
:1001B0005B0300085B0300085B0300085B030008A7
:1001C0005B0300085B0300085B0300085B03000897
:1001D0005B0300085B0300085B0300085B03000887
:1001E0005B0300085B0300085B0300085B03000877
:1001F0005B0300085B0300085B0300085B03000867
:100200005B0300085B0300085B0300085B03000856
:100210005B0300085B0300085B0300085B03000846
:100220005B0300085B0300085B030008000000009C
:100230005B0300085B030008000000005B0300088C
:100240005B0300085B0300085B0300085B03000816
:100250005B0300085B0300085B0300085B03000806
:100260005B0300085B0300085B0300085B030008F6
:100270005B0300085B0300085B030008000000004C
:100280005B0300085B0300085B030008000000003C
:10029000000000005B03000800F002F800F040F8E6
:1002A0000AA090E8000C82448344AAF10107DA45D1
:1002B00001D100F035F8AFF2090EBAE80F0013F0E3
:1002C000010F18BFFB1A43F001031847A4D0000028
:1002D000C4D00000103A24BF78C878C1FAD85207B9
:1002E00024BF30C830C144BF04680C6070470000B0
:1002F0000023002400250026103A28BF78C1FBD82F
:10030000520728BF30C148BF0B6070471FB50DF0C2
:1003100005F89DE8030000F047F91FBD10B510BDBA
:1003200000F09EF91146FFF7F1FF0CF015F800F010
:10033000BCF903B4FFF7F2FF03BC00F0EDF90000D5
:100340000948804709480047FEE7FEE7FEE7FEE769
:10035000FEE7FEE7FEE7FEE7FEE7FEE704480549A5
:10036000054A064B704700004184000899020008C6
:1003700028070024280D0024280900242809002427
:1003800070B5064600F0F4F8056806F10B0020F0A1
:100390000704B4429CBF002070BD2B466A68BAB106
:1003A0001068A04210D304F1080188423CBF506895
:1003B000586007D35168101941601168091B01602A
:1003C00058601460101D70BD13465268002AE7D1B2
:1003D0002146284600F0D4F80028DED170BD70B563
:1003E0000446051F00F0C4F80068002C14BF4468E0
:1003F00070BD002C18BFAC423CBF20466468F8D3E7
:1004000001680A18AA4218BF456003D12A68054648
:100410001144016028684119A1421CBF6C6070BD85
:100420006168696021680844286070BD53EA020C65
:1004300000F069802DE9F04B4FF00006002B1FBF44
:10044000B3FA83F503FA05F424FA05F65E4012BF09
:100450001643B2FA82F502FA05F4C5F120051EBF73
:1004600022FA05FC44EA0C04203556EA044C4FEA13
:10047000144418BF641C4FF000084FF0000990426C
:1004800071EB030C39D3002919BFB1FA81F701FAD6
:1004900007F6B0FA80F700FA07F6C7F120071EBF8B
:1004A00020FA07FC46EA0C062037B6FBF4FCA7EB63
:1004B0000507103F07F01F0BCBF120062CFA06F6BC
:1004C0000CFA0BFB44BFB3460026202FA4BF5E46A8
:1004D0004FF0000B5BEA060C08BF4FF0010B19EB65
:1004E0000B0948EB0608ABFB027C06FB02CC0BFBBE
:1004F00003CCC01B71EB0C01C1E70B460246414621
:100500004846BDE8F08B13B5084318BF4FF0FF30E5
:100510000146AFF30080BDE81C4070474FF0000279
:1005200000B5134694469646203922BFA0E80C50E9
:10053000A0E80C50B1F12001BFF4F7AF090728BFC4
:10054000A0E80C5048BF0CC05DF804EB890028BF40
:1005500040F8042B08BF704748BF20F8022B11F069
:10056000804F18BF00F8012B7047704770477047E5
:100570000048704718000024704770477047704764
:1005800038B504460A4600206946AFF300800028CB
:1005900008BF38BD02460099204600F03FF8012010
:1005A00038BD012000F054B8F8B5AFF3008005461F
:1005B00000200C46102000BF0646A819A0420DD905
:1005C000324669460020AFF30080070008BF00F004
:1005D0003FF80098A04218BF0546C419FFF7C8FFAE
:1005E00005600746F01D20F007004619284600F078
:1005F0000AF8B44208BFF8BDA21B31463868BDE80E
:10060000F84000F00BB800210160C0E9011070470C
:1006100010207047004870471000002403464068CF
:100620008C46002818BF88423CBF03464068F8D378
:1006300018681844884207D00CF1030020F0070026
:10064000001D411A521A0146081D0A60FFF7C7BE75
:1006500010B500F039F8BDE8104000F02FB8704731
:100660007546FFF7D7FFAE4605006946534620F0B2
:100670000700854618B020B5FFF770FEBDE82040A2
:100680004FF000064FF000074FF000084FF0000B4E
:10069000AC46ACE8C009ACE8C009ACE8C009ACE8BD
:1006A000C00921F007018D46704710B50446AFF32D
:1006B00000802046BDE81040FFF73BBE002801D077
:1006C00000F02AB87047000010B5012805D00021BD
:1006D00003A000F027F8012010BD09A1F8E70000F1
:1006E00053494752544D454D3A204F7574206F661B
:1006F0002068656170206D656D6F72790000000083
:100700003A2048656170206D656D6F727920636F66
:10071000727275707465640001491820ABBEFEE703
:100720002600020070B505460C460A2000E06D1C4C
:1007300000F011F835B128780028F8D102E0641CE7
:1007400000F009F814B120780028F8D1BDE8704015
:100750000A20AFF3008008B569468DF80000032039
:10076000ABBE08BD00000000FFE7FEE70000000090
:10077000704700000000000081B0EFF3108072B6F7
:100780000090FFE7FEE7000080B588B08DF81B0001
:100790009DF81B2069460A208860022048600DF100
:1007A0001900086040F29400C2F20040A121012328
:1007B00001F0DEFD9DF819009DF81A1040EA0120B5
:1007C00000B200EE100AB8EEC00A8DED050A9DF8E1
:1007D0001B10A1F13400049103280AD3FFE7049809
:1007E0003738032816D3FFE704983D3803281AD377
:1007F00026E09DED050AB3EE001A20EE010AB7EEE1
:10080000C00A9FED111B20EE010BB7EEC00B8DED62
:10081000070A15E09DED050A9FED0F1A80EE010A0B
:100820008DED070A0CE09DED050A9FED091A20EEFB
:10083000010A9FED081A80EE010A8DED070AFFE715
:100840009DED070A08B080BD9A999999999923401E
:1008500000003443000000470000FA44000000009C
:1008600080B58AB0089001F037FA0490089828B94A
:10087000FFE701208DF8270000F0AABC089890F847
:10088000350002280ED0FFE7089980204865FFE771
:100890000899002081F83400FFE701208DF8270037
:1008A00000F096BC0898016801201022C4F20202F0
:1008B0009142039000F0A380FFE7089801680120AF
:1008C0002822C4F202029142039000F09880FFE7D0
:1008D0000898016801204022C4F20202914203906C
:1008E00000F08D80FFE70898016801205822C4F2CB
:1008F00002029142039000F08280FFE708980168AD
:1009000001207022C4F202029142039077D0FFE7E7
:100910000898016801208822C4F2020291420390E3
:100920006DD0FFE7089801680120A022C4F20202FE
:100930009142039063D0FFE7089801680120B82234
:10094000C4F202029142039059D0FFE7089801686F
:10095000012040F21042C4F20202914203904ED0B4
:10096000FFE708980168012040F22842C4F2020221
:100970009142039043D0FFE708980168012040F2BC
:100980004042C4F202029142039038D0FFE7089837
:100990000168012040F25842C4F2020291420390E1
:1009A0002DD0FFE708980168012040F27042C4F2A0
:1009B00002029142039022D0FFE7089801680120CB
:1009C00040F28842C4F202029142039017D0FFE73E
:1009D00008980168012040F2A042C4F2020291424C
:1009E00003900CD0FFE7089800684FF64831CBF62B
:1009F000FD710844B0FA80F040090390FFE70398C6
:100A0000C00780B1FFE708980168086820F01E0061
:100A1000086008980168486920F0800048610898DB
:100A20000068059009E008980168086820F00E0049
:100A30000860089800680590FFE7089801680120A1
:100A40001022C4F202029142029000F00381FFE7FB
:100A50000898016801202822C4F202029142029003
:100A600000F0F880FFE70898016801204022C4F2F6
:100A700002029142029000F0ED80FFE708980168C1
:100A800001205822C4F202029142029000F0E2805A
:100A9000FFE70898016801207022C4F20202914227
:100AA000029000F0D780FFE70898016801208822B3
:100AB000C4F202029142029000F0CC80FFE7089855
:100AC00001680120A022C4F202029142029000F0CB
:100AD000C180FFE7089801680120B822C4F2020231
:100AE0009142029000F0B680FFE70898016801206B
:100AF00040F21042C4F202029142029000F0AA8039
:100B0000FFE708980168012040F22842C4F202027F
:100B10009142029000F09E80FFE708980168012052
:100B200040F24042C4F202029142029000F09280F0
:100B3000FFE708980168012040F25842C4F202021F
:100B40009142029000F08680FFE70898016801203A
:100B500040F27042C4F20202914202907AD0FFE762
:100B600008980168012040F28842C4F202029142D2
:100B700002906FD0FFE708980168012040F2A04280
:100B8000C4F202029142029064D0FFE70898016823
:100B9000012040F2B842C4F202029142029059D0C0
:100BA000FFE708980168012045F20842C5F60202F5
:100BB000914202904ED0FFE708980168012045F26B
:100BC0001C42C5F602029142029043D0FFE708980A
:100BD0000168012045F23042C5F6020291420290BE
:100BE00038D0FFE708980168012045F24442C5F675
:100BF0000202914202902DD0FFE70898016801207F
:100C000045F25842C5F602029142029022D0FFE717
:100C100008980168012045F26C42C5F60202914233
:100C2000029017D0FFE708980168012045F2804242
:100C3000C5F60202914202900CD0FFE708980068C6
:100C40004AF66C31CAF2FD710844B0FA80F04009EE
:100C50000290FFE70298C00738B1FFE70898016EDD
:100C6000086820F480700860FFE708980068102189
:100C7000C4F20201884200F08180FFE70898006812
:100C80002821C4F20201884278D0FFE70898006862
:100C90004021C4F20201884270D0FFE70898006842
:100CA0005821C4F20201884268D0FFE70898006822
:100CB0007021C4F20201884260D0FFE70898006802
:100CC0008821C4F20201884258D0FFE708980068E2
:100CD000A021C4F20201884250D0FFE708980068C2
:100CE000B821C4F20201884248D0FFE708980068A2
:100CF00040F21041C4F2020188423FD0FFE7089859
:100D0000006840F22841C4F20201884236D0FFE771
:100D10000898006840F24041C4F2020188422DD098
:100D2000FFE70898006840F25841C4F20201884287
:100D300024D0FFE70898006840F27041C4F2020135
:100D400088421BD0FFE70898006840F28841C4F24F
:100D50000201884212D0FFE70898006840F2A041E3
:100D6000C4F20201884209D0FFE70898006840F207
:100D7000B841C4F20201884207D1FFE70898016830
:100D8000086820F00100086006E00898016808681B
:100D900020F001000860FFE7FFE705980068C00742
:100DA000C8B1FFE700F098FF0499401A062811D354
:100DB000FFE70899202048650899032081F835004D
:100DC000FFE70899002081F83400FFE701208DF843
:100DD0002700FDE1E1E70898016801201022C4F234
:100DE00002029142019000F0A380FFE70898016899
:100DF00001202822C4F202029142019000F0988062
:100E0000FFE70898016801204022C4F202029142E3
:100E1000019000F08D80FFE70898016801205822BA
:100E2000C4F202029142019000F08280FFE708982C
:100E3000016801207022C4F202029142019077D031
:100E4000FFE70898016801208822C4F2020291425B
:100E500001906DD0FFE7089801680120A022C4F23C
:100E600002029142019063D0FFE7089801680120D7
:100E7000B822C4F202029142019059D0FFE70898CB
:100E80000168012040F21042C4F202029142019036
:100E90004ED0FFE708980168012040F22842C4F2D2
:100EA00002029142019043D0FFE7089801680120B7
:100EB00040F24042C4F202029142019038D0FFE772
:100EC00008980168012040F25842C4F2020291429F
:100ED00001902DD0FFE708980168012040F2704290
:100EE000C4F202029142019022D0FFE70898016803
:100EF000012040F28842C4F202029142019017D0D0
:100F0000FFE708980168012040F2A042C4F2020203
:100F1000914201900CD0FFE7089800684FF64831E5
:100F2000CBF6FD710844B0FA80F040090190FFE76C
:100F30000198C00760B1FFE70898806D0790089896
:100F4000C06D00F01F013F208840079988600BE0CA
:100F50000898806D06900898C06D00F01F01012070
:100F6000884006994860FFE7089801680120102230
:100F7000C4F202029142009000F00381FFE708985A
:100F8000016801202822C4F202029142009000F080
:100F9000F880FFE70898016801204022C4F20202AD
:100FA0009142009000F0ED80FFE708980168012071
:100FB0005822C4F202029142009000F0E280FFE762
:100FC0000898016801207022C4F202029142009048
:100FD00000F0D780FFE70898016801208822C4F25A
:100FE00002029142009000F0CC80FFE7089801686F
:100FF0000120A022C4F202029142009000F0C180C0
:10100000FFE7089801680120B822C4F20202914269
:10101000009000F0B680FFE708980168012040F2D8
:101020001042C4F202029142009000F0AA80FFE751
:1010300008980168012040F22842C4F2020291425D
:10104000009000F09E80FFE708980168012040F2C0
:101050004042C4F202029142009000F09280FFE709
:1010600008980168012040F25842C4F202029142FD
:10107000009000F08680FFE708980168012040F2A8
:101080007042C4F20202914200907AD0FFE70898C1
:101090000168012040F28842C4F2020291420090AD
:1010A0006FD0FFE708980168012040F2A042C4F227
:1010B00002029142009064D0FFE708980168012085
:1010C00040F2B842C4F202029142009059D0FFE7C8
:1010D00008980168012045F20842C5F602029142D3
:1010E00000904ED0FFE708980168012045F21C42AD
:1010F000C5F602029142009043D0FFE708980168CC
:10110000012045F23042C5F602029142009038D0EB
:10111000FFE708980168012045F24442C5F6020243
:10112000914200902DD0FFE708980168012045F218
:101130005842C5F602029142009022D0FFE708987B
:101140000168012045F26C42C5F60202914200900E
:1011500017D0FFE708980168012045F28042C5F6E4
:101160000202914200900CD0FFE7089800684AF60E
:101170006C31CAF2FD710844B0FA80F04009009069
:10118000FFE70098C007A0B1FFE70898416E806EA6
:1011900048600898C06E58B1FFE70898C16E0868AB
:1011A00020F4807008600898016F406F4860FFE786
:1011B000FFE70899012081F83500FFE70899002032
:1011C00081F83400FFE7FFE700208DF82700FFE7F4
:1011D0009DF827000AB080BD80B586B004900498C1
:1011E00020B9FFE701208DF8170046E3049890F836
:1011F0003500022807D0FFE70499802048650120C8
:101200008DF8170039E30498016801201022C4F218
:1012100002029142029000F0A380FFE70498016867
:1012200001202822C4F202029142029000F098802C
:10123000FFE70498016801204022C4F202029142B3
:10124000029000F08D80FFE7049801680120582289
:10125000C4F202029142029000F08280FFE70498FB
:10126000016801207022C4F202029142029077D0FC
:10127000FFE70498016801208822C4F2020291422B
:1012800002906DD0FFE7049801680120A022C4F20B
:1012900002029142029063D0FFE7049801680120A6
:1012A000B822C4F202029142029059D0FFE704989A
:1012B0000168012040F21042C4F202029142029001
:1012C0004ED0FFE704980168012040F22842C4F2A2
:1012D00002029142029043D0FFE704980168012086
:1012E00040F24042C4F202029142029038D0FFE73D
:1012F00004980168012040F25842C4F2020291426F
:1013000002902DD0FFE704980168012040F270425E
:10131000C4F202029142029022D0FFE704980168D1
:10132000012040F28842C4F202029142029017D09A
:10133000FFE704980168012040F2A042C4F20202D3
:10134000914202900CD0FFE7049800684FF64831B4
:10135000CBF6FD710844B0FA80F040090290FFE737
:101360000298C007002800F09D80FFE70499042040
:1013700081F83500049800681021C4F20201884207
:1013800000F08180FFE7049800682821C4F2020180
:10139000884278D0FFE7049800684021C4F2020137
:1013A000884270D0FFE7049800685821C4F2020117
:1013B000884268D0FFE7049800687021C4F20201F7
:1013C000884260D0FFE7049800688821C4F20201D7
:1013D000884258D0FFE704980068A021C4F20201B7
:1013E000884250D0FFE704980068B821C4F2020197
:1013F000884248D0FFE70498006840F21041C4F2E8
:10140000020188423FD0FFE70498006840F228417B
:10141000C4F20201884236D0FFE70498006840F227
:101420004041C4F2020188422DD0FFE704980068D1
:1014300040F25841C4F20201884224D0FFE70498E8
:10144000006840F27041C4F2020188421BD0FFE7FD
:101450000498006840F28841C4F20201884212D028
:10146000FFE70498006840F2A041C4F202018842FC
:1014700009D0FFE70498006840F2B841C4F20201C5
:10148000884207D1FFE704980168086820F001004E
:10149000086006E004980168086820F00100086010
:1014A000FFE7E5E104980168086820F00E00086095
:1014B000049800681021C4F20201884200F0818083
:1014C000FFE7049800682821C4F20201884278D01E
:1014D000FFE7049800684021C4F20201884270D0FE
:1014E000FFE7049800685821C4F20201884268D0DE
:1014F000FFE7049800687021C4F20201884260D0BE
:10150000FFE7049800688821C4F20201884258D09D
:10151000FFE704980068A021C4F20201884250D07D
:10152000FFE704980068B821C4F20201884248D05D
:10153000FFE70498006840F21041C4F202018842BB
:101540003FD0FFE70498006840F22841C4F202014E
:10155000884236D0FFE70498006840F24041C4F268
:10156000020188422DD0FFE70498006840F25841FC
:10157000C4F20201884224D0FFE70498006840F2D8
:101580007041C4F2020188421BD0FFE70498006852
:1015900040F28841C4F20201884212D0FFE7049869
:1015A000006840F2A041C4F20201884209D0FFE77E
:1015B0000498006840F2B841C4F20201884207D1A1
:1015C000FFE704980168086820F00100086006E061
:1015D00004980168086820F001000860FFE704989B
:1015E000016801201022C4F202029142019000F031
:1015F0000381FFE70498016801202822C4F2020257
:101600009142019000F0F880FFE704980168012002
:101610004022C4F202029142019000F0ED80FFE707
:101620000498016801205822C4F2020291420190FC
:1016300000F0E280FFE70498016801207022C4F204
:1016400002029142019000F0D780FFE70498016800
:1016500001208822C4F202029142019000F0CC8065
:10166000FFE7049801680120A022C4F2020291421F
:10167000019000F0C180FFE7049801680120B822C2
:10168000C4F202029142019000F0B680FFE7049894
:101690000168012040F21042C4F20202914201901E
:1016A00000F0AA80FFE704980168012040F2284278
:1016B000C4F202029142019000F09E80FFE704987C
:1016C0000168012040F24042C4F2020291420190BE
:1016D00000F09280FFE704980168012040F2584230
:1016E000C4F202029142019000F08680FFE7049864
:1016F0000168012040F27042C4F20202914201905E
:101700007AD0FFE704980168012040F28842C4F2D1
:101710000202914201906FD0FFE704980168012016
:1017200040F2A042C4F202029142019064D0FFE76D
:1017300004980168012040F2B842C4F202029142CA
:10174000019059D0FFE704980168012045F2084252
:10175000C5F60202914201904ED0FFE7049801685D
:10176000012045F21C42C5F602029142019043D08D
:10177000FFE704980168012045F23042C5F60202F5
:101780009142019038D0FFE704980168012045F2AA
:101790004442C5F60202914201902DD0FFE7049821
:1017A0000168012045F25842C5F6020291420190BB
:1017B00022D0FFE704980168012045F26C42C5F68B
:1017C00002029142019017D0FFE7049801680120BE
:1017D00045F28042C5F60202914201900CD0FFE72B
:1017E000049800684AF66C31CAF2FD710844B0FAF8
:1017F00080F040090190FFE70198C00728B3FFE798
:101800000498016E086820F4807008600498806D68
:1018100003900498C06D00F01F01012088400399D7
:1018200048600498416E806E48600498C06E58B15C
:10183000FFE70498C16E086820F48070086004987F
:10184000016F406F4860FFE7FFE70499012081F8CE
:101850003500FFE70499002081F83400FFE7049881
:10186000006D20B1FFE70498016D8847FFE7FFE7AF
:10187000FFE700208DF81700FFE79DF8170006B07E
:1018800080BD00000000000080B584B0039000F02F
:1018900023FA0290039801900198013048B1FFE7C4
:1018A00040F20A00C2F20040017801980844019019
:1018B000FFE7FFE700F010FA0299401A0199884209
:1018C00001D2FFE7F6E704B080BD00000000000091
:1018D00090B00F900E9100200D908020C5F6000072
:1018E0000A90FFE70E9800680D99C840002800F0A4
:1018F000CF81FFE70E9800680D9A012191400840C2
:101900000C900C98002800F0BF81FFE70E9840680B
:1019100000F00300012807D0FFE70E98406800F0B0
:10192000030002282FD1FFE70F9880680B900D98D5
:101930004100032000FA01F10B9888430B900E98A8
:10194000C0680D99490000FA01F10B9808430B900B
:101950000B980F9988600F9840680B900D990120A3
:1019600000FA01F10B9888430B900E984068C0F381
:1019700000100D9900FA01F10B9808430B900B9899
:101980000F994860FFE70E98406800F003000328B5
:1019900018D0FFE70F98C0680B900D984100032006
:1019A00000FA01F10B9888430B900E9880680D990E
:1019B000490000FA01F10B9808430B900B980F991E
:1019C000C860FFE70E98406800F00300022826D1A7
:1019D000FFE70F980D996FF0030202EA51010844E6
:1019E000006A0B900D9800F0070081000F2000FAAC
:1019F00001F10B9888430B900E9800690D9901F046
:101A00000701890000FA01F10B9808430B900B982D
:101A10000F990D9B02EA530211440862FFE70F98E9
:101A200000680B900D984100032000FA01F10B981B
:101A300088430B900E98406800F003000D99490010
:101A400000FA01F10B9808430B900B980F9908606E
:101A50000E9880798007002800F01581FFE7FFE7E6
:101A600044F2F440C5F60200016841F00201016051
:101A7000006800F0020009900998FFE70D9820F037
:101A8000030040F20841C5F6000140580B900D9844
:101A900000F0030081000F2000FA01F10B98884349
:101AA0000B900F980021C5F60201884203D1FFE791
:101AB000002008907AE00F9840F20041C5F602013C
:101AC000884203D1FFE7012007906CE00F9840F6B1
:101AD0000001C5F60201884203D1FFE7022006900B
:101AE0005EE00F9840F60041C5F60201884203D13E
:101AF000FFE70320059050E00F9841F20001C5F682
:101B00000201884203D1FFE70420049042E00F98CD
:101B100041F20041C5F60201884203D1FFE70520EA
:101B2000039034E00F9841F60001C5F602018842A7
:101B300003D1FFE70620029026E00F9841F600410E
:101B4000C5F60201884203D1FFE70720019018E0A3
:101B50000F9842F20001C5F60201884203D1FFE767
:101B6000082000900AE00F9942F20042C5F60202F6
:101B70000A20914208BF09200090FFE700980190D9
:101B8000FFE701980290FFE702980390FFE70398B0
:101B90000490FFE704980590FFE705980690FFE79B
:101BA00006980790FFE707980890FFE708980D99B7
:101BB00001F00301890000FA01F10B9808430B9032
:101BC0000B980D9921F0030140F20842C5F600027E
:101BD00088504FF0B04000680B900C990B988843E8
:101BE0000B900E988079C006002805D5FFE70C9968
:101BF0000B9808430B90FFE70B984FF0B04108603B
:101C00000420C5F6000000680B900C990B988843DF
:101C10000B900E9880798006002805D5FFE70C9977
:101C20000B9808430B90FFE70B980421C5F60001C1
:101C300008600A9840680B900C990B9888430B90A9
:101C40000E9880798007002805D5FFE70C990B983E
:101C500008430B90FFE70B980A9948600A980068C0
:101C60000B900C990B9888430B900E988079C007C5
:101C700028B1FFE70C990B9808430B90FFE70B98EE
:101C80000A990860FFE7FFE70D9801300D9029E6FB
:101C900010B070470000000082B00190ADF8021053
:101CA0008DF801209DF8010028B1FFE7BDF8020082
:101CB0000199886105E0BDF802000004019988617E
:101CC000FFE702B07047000041F20000C5F6004097
:101CD0000068000C7047000040F22470C2F200401F
:101CE000006870470000000083B0019000910198E7
:101CF00090F8410020283BD1FFE7FFE7019890F8DA
:101D00004000012804D1FFE702208DF80B0033E0EA
:101D10000199012081F84000FFE7FFE701992420A5
:101D200081F8410001980168086820F0010008600E
:101D300001980168086820F480500860009A0198B2
:101D4000016808681043086001980168086840F05D
:101D5000010008600199202081F84100FFE7019906
:101D6000002081F84000FFE700208DF80B0003E021
:101D700002208DF80B00FFE79DF80B0003B07047C1
:101D800084B002900191029890F84100202840D13F
:101D9000FFE7FFE7029890F84000012804D1FFE731
:101DA00002208DF80F0038E00299012081F84000F0
:101DB000FFE7FFE70299242081F8410002980168BB
:101DC000086820F001000860029800680068009030
:101DD000009820F4706000900199009840EA01207A
:101DE00000900098029909680860029801680868E4
:101DF00040F0010008600299202081F84100FFE7CF
:101E00000299002081F84000FFE700208DF80F00C4
:101E100003E002208DF80F00FFE79DF80F0004B0EB
:101E2000704700000000000080B582B0009000986C
:101E300020B9FFE701208DF8070073E0009890F8C3
:101E4000410040B9FFE70099002081F84000009868
:101E500000F0D6FBFFE70099242081F841000098AC
:101E60000168086820F00100086000980168406877
:101E700020F07060086100980168886820F40040D4
:101E800088600098C068012807D1FFE700980168C2
:101E9000806840F40040886006E00098016880682F
:101EA00040F404408860FFE70098C068022806D12B
:101EB000FFE7009801684FF400604860FFE7009872
:101EC0000168486848F20002C0F2002210434860EE
:101ED00000980168C86820F40040C860009A116842
:101EE000106953699269184340EA0220C860009A59
:101EF0001168D069126A1043086000980168086888
:101F000040F001000860009900204864009A2021F8
:101F100082F8411000990863009981F842008DF819
:101F20000700FFE79DF8070002B080BD0000000039
:101F300080B588B0DDF828C00690ADF81610049280
:101F4000ADF80E30069890F84100202840F0F68059
:101F5000FFE7FFE7069890F84000012804D1FFE76B
:101F600002208DF81F00EDE00699012081F8400065
:101F7000FFE7FFE7FFF7B0FE0290069802996A4676
:101F800011604FF400410122192305F05DFA20B1E0
:101F9000FFE701208DF81F00D4E00699222081F888
:101FA00041000699102081F84200069900204864FB
:101FB0000499069A5162BDF80E10069A5185069949
:101FC00048630698408DB0F5807F14D3FFE70699EB
:101FD000FF2008850698BDF8161090F82820EC46DA
:101FE00042F20043C8F20003CCF800304FF0807397
:101FF00005F0FEF914E00698408D069908850698CC
:10200000BDF8161090F82820EC4642F20043C8F2C2
:102010000003CCF800304FF0007305F0E9F9FFE75A
:10202000FFE70698408D00285FD0FFE706980A99E1
:10203000029A05F061FA20B1FFE701208DF81F0038
:1020400080E006980068406A0699496A0870069917
:10205000486A013048620699088D0138088506995A
:10206000488D013848850698408DE8B3FFE706980B
:10207000008DC8BBFFE706980A9B02996A4611606B
:102080008021002205F0E0F920B1FFE701208DF862
:102090001F0057E00698408DB0F5807F11D3FFE711
:1020A0000699FF2008850698BDF8161090F828209C
:1020B000EC460023CCF800304FF0807305F098F91F
:1020C00011E00698408D069908850698BDF816100F
:1020D00090F82820EC460023CCF800304FF0007335
:1020E00005F086F9FFE7FFE79BE706980A99029A51
:1020F00005F0A2FA20B1FFE701208DF81F0021E0D2
:10210000069801682020C86106990A6851684EF651
:102110000003CFF6006319405160069981F8410031
:102120000699002081F84200FFE70699002081F817
:102130004000FFE700208DF81F0003E002208DF82B
:102140001F00FFE79DF81F0008B080BD00000000E1
:1021500080B588B0DDF828C00690ADF8161004925E
:10216000ADF80E30069890F84100202840F0F58038
:10217000FFE7FFE7069890F84000012804D1FFE749
:1021800002208DF81F00ECE00699012081F8400044
:10219000FFE7FFE7FFF7A0FD0290069802996A4665
:1021A00011604FF400410122192305F04DF920B1CF
:1021B000FFE701208DF81F00D3E00699212081F868
:1021C00041000699102081F84200069900204864D9
:1021D0000499069A5162BDF80E10069A5185069927
:1021E00048630698408DB0F5807F14D3FFE70699C9
:1021F000FF2008850698BDF8161090F82820EC46B8
:1022000042F20003C8F20003CCF800304FF08073B4
:1022100005F0EEF814E00698408D069908850698BA
:10222000BDF8161090F82820EC4642F20003C8F2E0
:102230000003CCF800304FF0007305F0D9F8FFE749
:10224000FFE70698408D00285ED0FFE706980A99C0
:10225000029A05F045FA20B1FFE701208DF81F0032
:102260007FE006980168406A007888620699486AAB
:10227000013048620699488D013848850699088DD5
:10228000013808850698408DE8B3FFE70698008D71
:10229000C8BBFFE706980A9B02996A461160802135
:1022A000002205F0D1F820B1FFE701208DF81F00D2
:1022B00057E00698408DB0F5807F11D3FFE706996F
:1022C000FF2008850698BDF8161090F82820EC46E7
:1022D0000023CCF800304FF0807305F089F811E04E
:1022E0000698408D069908850698BDF8161090F856
:1022F0002820EC460023CCF800304FF0007305F0A6
:1023000077F8FFE7FFE79CE706980A99029A05F03D
:1023100093F920B1FFE701208DF81F0021E0069816
:1023200001682020C86106990A6851684EF60003CA
:10233000CFF6006319405160069981F84100069973
:10234000002081F84200FFE70699002081F8400054
:10235000FFE700208DF81F0003E002208DF81F002A
:10236000FFE79DF81F0008B080BD000000000000DE
:1023700010B588B084460C980B98DDF828E0CDF8AD
:1023800018C0ADF81610ADF81420ADF81230ADF845
:102390001000069890F84100202840F02681FFE7C1
:1023A0000A9820B1FFE7BDF8100040B9FFE7069991
:1023B0004FF40070486401208DF81F0019E1FFE719
:1023C000069890F84000012804D1FFE702208DF81C
:1023D0001F000EE10699012081F84000FFE7FFE7AA
:1023E000FFF77AFC0390069803996A4611604FF450
:1023F00000410122192305F027F820B1FFE7012051
:102400008DF81F00F5E00699222081F84100069919
:10241000402081F842000699002048640A99069AF3
:102420005162BDF81010069A5185069948630698C6
:10243000BDF81610BDF81420BDF81230DDF830C01C
:10244000039CEE46CEF80440CEF800C004F070FFC6
:1024500050B1FFE7FFE70699002081F84000FFE751
:1024600001208DF81F00C4E00698408DB0F5807FF4
:1024700014D3FFE70699FF2008850698BDF81610CB
:1024800090F82820EC4642F20043C8F20003CCF852
:1024900000304FF0807304F0ABFF14E00698408DDD
:1024A000069908850698BDF8161090F82820EC4685
:1024B00042F20043C8F20003CCF800304FF0007342
:1024C00004F096FFFFE7FFE706980C9B03996A4626
:1024D00011600421002204F0B7FF20B1FFE70120C2
:1024E0008DF81F0085E006980068406A0699496AE1
:1024F00008700699486A013048620699088D0138CB
:1025000008850699488D013848850698408DE8B3BE
:10251000FFE70698008DC8BBFFE706980C9B039960
:102520006A4611608021002204F08EFF20B1FFE78F
:1025300001208DF81F005CE00698408DB0F5807F8B
:1025400011D3FFE70699FF2008850698BDF81610FD
:1025500090F82820EC460023CCF800304FF0807330
:1025600004F046FF11E00698408D0699088506980C
:10257000BDF8161090F82820EC460023CCF8003067
:102580004FF0007304F034FFFFE7FFE7FFE7069822
:10259000408D002898D1FFE706980C99039A05F022
:1025A0004BF820B1FFE701208DF81F0021E00698CD
:1025B00001682020C86106990A6851684EF6000338
:1025C000CFF6006319405160069981F841000699E1
:1025D000002081F84200FFE70699002081F84000C2
:1025E000FFE700208DF81F0003E002208DF81F0098
:1025F000FFE79DF81F0008B010BD000000000000BC
:1026000080B5B8B037900020369035903490339034
:10261000329002A8C021FDF781FF3798006845F28B
:102620000041C4F2000188423CD1FFE70020039042
:1026300008210291239002A800F022FC18B1FFE7C4
:10264000FEF79AF8FFE7FFE744F2E040C5F6020024
:10265000016841F002010160006800F00200019091
:102660000198FFE7C0203290122033900020349070
:1026700035900420369040F20040C5F6020032A9A1
:10268000FFF726F9FFE744F2E840C5F602000168CB
:1026900041F400110160006800F4001000900098FF
:1026A000FFE7FFE738B080BD40F20A00C2F2004009
:1026B000027840F22471C2F20041086810440860B8
:1026C000704700000000000080B582B0032000F0D9
:1026D000B7F801F0C5FE44F21842C5F602021168CF
:1026E000C1F303234DF23631C0F60001CB5C03F099
:1026F0001F03D84000900098126802F00F02895C16
:1027000001F01F01C84040F20401C2F2004108601C
:10271000009840F20001C2F2004108600F2000F072
:1027200013F820B1FFE701208DF8070005E000F065
:102730004FF800208DF80700FFE79DF8070002B072
:1027400080BD00000000000080B582B0009040F223
:102750000A00C2F20040007820B9FFE701208DF89E
:10276000070030E040F20000C2F20040006840F292
:102770000A01C2F200410A784FF47A71B1FBF2F11A
:10278000B0FBF1F002F0A0FD20B1FFE701208DF8D1
:10279000070018E000980F280DD8FFE700994FF0C8
:1027A000FF30002200F034F8009840F20C01C2F231
:1027B0000041086003E001208DF8070003E00020DD
:1027C0008DF80700FFE79DF8070002B080BD00000C
:1027D00081B0FFE744F2F440C5F60200016841F021
:1027E00002010160006800F0020000900098FFE71D
:1027F00001B070470000000080B582B0ADF806005F
:10280000BDF9060008F078F802B080BD00000000B5
:1028100080B586B0ADF816000491039208F084F8F4
:102820000290BDF91600019002980499039A05F0F0
:1028300053FB0146019808F07FF806B080BD000008
:1028400080B582B00190019808F09AF802B080BD7E
:1028500080B584B0029044F60C00C5F60200006812
:1028600000F004010020B0EB910F13D1FFE744F614
:102870000C00C5F60200006800F0070002998842CB
:1028800004D0FFE701208DF80F002EE000208DF826
:102890000F002AE044F60C01C5F60201086820F09A
:1028A0000700029A10430860FFF716FA0190FFE74D
:1028B00044F60400C5F60200006800F40051002050
:1028C000B0EB513F0DD1FFE7FFF706FA0199401A2F
:1028D000B0F57A7F04D9FFE701208DF80F0004E0FE
:1028E000E6E700208DF80F00FFE79DF80F0004B029
:1028F00080BD00000000000080B501F05DFD44F2E5
:102900002041C5F602010968C1F302124DF23631C9
:10291000C0F60001895C01F01F01C84080BD0000C5
:1029200088B0079044F22840C5F60200016801F023
:10293000030106910068C0F30530059044F22C4075
:10294000C5F602000068C0F300100490049844F239
:102950003C41C5F60201096889B2C908484300EE46
:10296000100AB8EE400A8DED020A0598002800F022
:102970001B81FFE70698009048B1FFE70098012807
:1029800069D0FFE70098022800F08980ABE044F2AC
:102990000040C5F60200006800F020010020B0EB06
:1029A000511F33D0FFE744F20040C5F60200006833
:1029B000C0F3C10149F20000C0F2D030C84003901A
:1029C0009DED030AB8EE400A9DED051AB8EE411AD6
:1029D00080EE010A44F23840C5F6020000686FF349
:1029E0005F2001EE100AB8EE411A9DED022A9FED1C
:1029F000743A82EE032A31EE021AB7EE002A31EE63
:102A0000021A20EE010A8DED010A23E09DED050A70
:102A1000B8EE401A9FED6C0A80EE010A44F238408D
:102A2000C5F6020000686FF35F2001EE100AB8EEF1
:102A3000411A9DED022A9FED623A82EE032A31EEA1
:102A4000021AB7EE002A31EE021A20EE010A8DEDCD
:102A5000010AFFE76BE09DED050AB8EE401A9FED15
:102A6000590A80EE010A44F23840C5F602000068B7
:102A70006FF35F2001EE100AB8EE411A9DED022AB5
:102A80009FED4F3A82EE032A31EE021AB7EE002A8A
:102A900031EE021A20EE010A8DED010A47E09DEDAC
:102AA000050AB8EE401A9FED450A80EE010A44F28D
:102AB0003840C5F6020000686FF35F2001EE100A8F
:102AC000B8EE411A9DED022A9FED3D3A82EE032AAF
:102AD00031EE021AB7EE002A31EE021A20EE010A98
:102AE0008DED010A23E09DED050AB8EE401A9FED39
:102AF000350A80EE010A44F23840C5F6020000684B
:102B00006FF35F2001EE100AB8EE411A9DED022A24
:102B10009FED2B3A82EE032A31EE021AB7EE002A1D
:102B200031EE021A20EE010A8DED010AFFE79DED5C
:102B3000010A44F23840C5F60200016889B2490A28
:102B400001EE101AB8EE411AB7EE002A31EE021A61
:102B500080EE010A0799BCEEC00A81ED000A9DEDE6
:102B6000010A0168C1F3064101EE101AB8EE411ADC
:102B700031EE021A80EE010A0799BCEEC00A81ED1F
:102B8000010A9DED010A0068C0F3066001EE100A1B
:102B9000B8EE411A31EE021A80EE010A0798BCEE37
:102BA000C00A80ED020A07E0079900200860079933
:102BB000486007998860FFE708B0704720BCBE4BAB
:102BC000000000460024744A0024744C00000000F9
:102BD00088B0079044F22840C5F60200016801F071
:102BE000030106910068C0F30550059044F22C40A3
:102BF000C5F602000068C0F300200490049844F277
:102C00004441C5F60201096889B2C908484300EE8B
:102C1000100AB8EE400A8DED020A0598002800F06F
:102C20001B81FFE70698009048B1FFE70098012854
:102C300069D0FFE70098022800F08980ABE044F2F9
:102C40000040C5F60200006800F020010020B0EB53
:102C5000511F33D0FFE744F20040C5F60200006880
:102C6000C0F3C10149F20000C0F2D030C840039067
:102C70009DED030AB8EE400A9DED051AB8EE411A23
:102C800080EE010A44F24040C5F6020000686FF38E
:102C90005F2001EE100AB8EE411A9DED022A9FED69
:102CA000743A82EE032A31EE021AB7EE002A31EEB0
:102CB000021A20EE010A8DED010A23E09DED050ABE
:102CC000B8EE401A9FED6C0A80EE010A44F24040D3
:102CD000C5F6020000686FF35F2001EE100AB8EE3F
:102CE000411A9DED022A9FED623A82EE032A31EEEF
:102CF000021AB7EE002A31EE021A20EE010A8DED1B
:102D0000010AFFE76BE09DED050AB8EE401A9FED62
:102D1000590A80EE010A44F24040C5F602000068FC
:102D20006FF35F2001EE100AB8EE411A9DED022A02
:102D30009FED4F3A82EE032A31EE021AB7EE002AD7
:102D400031EE021A20EE010A8DED010A47E09DEDF9
:102D5000050AB8EE401A9FED450A80EE010A44F2DA
:102D60004040C5F6020000686FF35F2001EE100AD4
:102D7000B8EE411A9DED022A9FED3D3A82EE032AFC
:102D800031EE021AB7EE002A31EE021A20EE010AE5
:102D90008DED010A23E09DED050AB8EE401A9FED86
:102DA000350A80EE010A44F24040C5F60200006890
:102DB0006FF35F2001EE100AB8EE411A9DED022A72
:102DC0009FED2B3A82EE032A31EE021AB7EE002A6B
:102DD00031EE021A20EE010A8DED010AFFE79DEDAA
:102DE000010A44F24040C5F60200016889B2490A6E
:102DF00001EE101AB8EE411AB7EE002A31EE021AAF
:102E000080EE010A0799BCEEC00A81ED000A9DED33
:102E1000010A0168C1F3064101EE101AB8EE411A29
:102E200031EE021A80EE010A0799BCEEC00A81ED6C
:102E3000010A9DED010A0068C0F3066001EE100A68
:102E4000B8EE411A31EE021A80EE010A0798BCEE84
:102E5000C00A80ED020A07E0079900200860079980
:102E6000486007998860FFE708B0704720BCBE4BF8
:102E7000000000460024744A0024744C0000000046
:102E800080B59AB0189000208DF857008DF8560044
:102E90001898C0780007002848D5FFE71898806E7A
:102EA000149078B1FFE71498B0F5801F13D0FFE7B6
:102EB0001498B0F5001F16D0FFE71498B0F5401F26
:102EC00019D019E044F22C41C5F60201086840F41B
:102ED0000030086014E018980830022105F038F836
:102EE0008DF857000CE018982830022105F018F9E9
:102EF0008DF8570004E003E001208DF85700FFE74C
:102F00009DF8570060B9FFE744F25041C5F6020151
:102F1000086820F44010189A926E1043086004E08C
:102F20009DF857008DF85600FFE7FFE718984078A6
:102F3000C007002840D0FFE71898806D1390042840
:102F400020D81399DFE801F0030C141C1D0044F293
:102F50002C41C5F60201086840F40030086015E015
:102F600018980830002104F0F3FF8DF857000DE0A9
:102F700018982830002105F0D3F88DF8570005E0A7
:102F800004E003E001208DF85700FFE79DF85700AB
:102F900060B9FFE744F25041C5F60201086820F02D
:102FA0000700189A926D1043086004E09DF85700DE
:102FB0008DF85600FFE7FFE7189840788007002853
:102FC0004BD5FFE71898C06D129088B1FFE71298B3
:102FD000402816D0FFE7129880281AD0FFE71298F1
:102FE000C0281ED0FFE71298B0F5807F1AD01AE0F3
:102FF00044F22C41C5F60201086840F40030086034
:1030000015E018980830002104F0A2FF8DF8570051
:103010000DE018982830002105F082F88DF857004F
:1030200005E004E003E001208DF85700FFE79DF87C
:10303000570060B9FFE744F25041C5F60201086845
:1030400020F4E070189AD26D1043086004E09DF8F7
:1030500057008DF85600FFE7FFE7189840784007C3
:10306000002850D5FFE71898D0F8A8001190A0B11B
:10307000FFE71198B0F5001F18D0FFE71198B0F5E1
:10308000800F1BD0FFE71198B0F5C00F1ED0FFE7EF
:103090001198B0F5000F1AD01AE044F22C41C5F691
:1030A0000201086840F40030086015E01898083004
:1030B000002104F04DFF8DF857000DE018982830DE
:1030C000002105F02DF88DF8570005E004E003E03D
:1030D00001208DF85700FFE79DF8570068B9FFE71A
:1030E00044F25841C5F60201086820F46000189ABD
:1030F000D2F8A8201043086004E09DF857008DF82E
:103100005600FFE7FFE7189840780007002850D5E1
:10311000FFE71898D0F8AC001090A0B1FFE7109826
:10312000B0F1807F18D0FFE71098B0F1007F1BD07E
:10313000FFE71098B0F1407F1ED0FFE71098B0F184
:10314000806F1AD01AE044F22C41C5F602010868DB
:1031500040F40030086015E018980830002104F0B1
:10316000F7FE8DF857000DE018982830002104F084
:10317000D7FF8DF8570005E004E003E001208DF84B
:103180005700FFE79DF8570068B9FFE744F2584140
:10319000C5F60201086820F0E060189AD2F8AC2069
:1031A0001043086004E09DF857008DF85600FFE7D3
:1031B000FFE71898C078800700283ED5FFE71898E9
:1031C000C06C0F90F0B1FFE70F98102808D0FFE710
:1031D0000F9820280DD0FFE70F98302811D012E06B
:1031E00044F22C41C5F60201086840F40030086042
:1031F0000DE018980830022104F0AAFE8DF857005F
:1032000005E004E003E001208DF85700FFE79DF89A
:10321000570060B9FFE744F24C41C5F60201086867
:1032200020F03000189AD26C1043086004E09DF83A
:1032300057008DF85600FFE7FFE718984078C00662
:1032400000284ED5FFE71898006E0E90A0B1FFE75A
:103250000E98B0F5805F18D0FFE70E98B0F5005FCC
:103260001BD0FFE70E98B0F5405F1ED0FFE70E9829
:10327000B0F5804F1AD01AE044F22C41C5F6020195
:10328000086840F40030086015E018980830002104
:1032900004F05EFE8DF857000DE0189828300021EC
:1032A00004F03EFF8DF8570005E004E003E0012044
:1032B0008DF85700FFE79DF8570060B9FFE744F22B
:1032C0005041C5F60201086820F4E040189A126ED9
:1032D0001043086004E09DF857008DF85600FFE7A2
:1032E000FFE718984078800600284CD5FFE718982B
:1032F000406E0D90C8B1FFE70D98B0F5803F15D036
:10330000FFE70D98B0F5003F18D0FFE70D98B0F536
:10331000403F1BD0FFE70D98B0F5802F17D0FFE797
:103320000D98B0F5A02F13D013E016E018980830D0
:10333000012104F00DFE8DF857000EE0189828309A
:10334000012104F0EDFE8DF8570006E005E004E0F1
:1033500003E001208DF85700FFE79DF8570060B9A2
:10336000FFE744F25041C5F60201086820F4E0206E
:10337000189A526E1043086004E09DF857008DF8CB
:103380005600FFE7FFE718984078400600284ED522
:10339000FFE71898D0F8B0000C90C8B1FFE70C9880
:1033A000B0F1805F15D0FFE70C98B0F1005F18D046
:1033B000FFE70C98B0F1405F1BD0FFE70C98B0F12D
:1033C000804F17D0FFE70C98B0F1A04F13D013E057
:1033D00016E018980830012104F0BAFD8DF8570066
:1033E0000EE018982830012104F09AFE8DF857005D
:1033F00006E005E004E003E001208DF85700FFE758
:103400009DF8570068B9FFE744F25841C5F602013C
:10341000086820F0E040189AD2F8B0201043086005
:1034200004E09DF857008DF85600FFE7FFE7189875
:103430004078000600283BD5FFE71898006F0B90F6
:10344000D8B1FFE70B98B0F1805F05D0FFE70B988C
:10345000B0F1005F09D011E044F22C41C5F6020141
:10346000086840F4003008600CE01898083001212A
:1034700004F06EFD8DF8570004E003E001208DF8A4
:103480005700FFE79DF8570060B9FFE744F250414D
:10349000C5F60201086820F04050189A126F1043D8
:1034A000086004E09DF857008DF85600FFE7FFE73D
:1034B0001898C078C007002837D0FFE71898806CAC
:1034C0000A90032817D80A99DFE801F014020B13B9
:1034D00044F22C41C5F60201086840F4003008604F
:1034E0000DE018980830022104F032FD8DF85700E5
:1034F00005E004E003E001208DF85700FFE79DF8A8
:10350000570060B9FFE744F24C41C5F60201086874
:1035100020F00300189A926C1043086004E09DF8B4
:1035200057008DF85600FFE7FFE7189880784006AF
:10353000002840F1B480FFE744F60001C5F602011F
:10354000086840F480700860FEF7C6FB1690FFE73D
:1035500044F60000C5F602000068C00500280CD43F
:10356000FFE7FEF7B9FB1699401A652804D3FFE779
:1035700003208DF8570000E0EAE79DF85700002887
:1035800040F08780FFE744F27040C5F60200006813
:1035900000F440701899D1F8B41001F440718842D9
:1035A00013D0FFE744F27041C5F60201086820F429
:1035B00040701790086840F480300860086820F474
:1035C0008030086017980860FFE71898D0F8B400BA
:1035D000B0F5807F1FD1FFE7FEF77EFB1690FFE777
:1035E00044F27040C5F60200006800F002010020BD
:1035F000B0EB510F0ED1FFE7FEF76EFB1699401AA4
:1036000041F28931884204D3FFE703208DF8570047
:1036100000E0E5E7FFE79DF85700A0BBFFE7FFE705
:103620001898D0F8B40000F44070B0F5407F13D182
:10363000FFE744F21041C5F60201086820F47C500F
:10364000189AD2F8B4204FF6F043C0F6FF731A4030
:1036500040EA1210086008E044F21041C5F6020189
:10366000086820F47C500860FFE71898D0F8B42070
:103670006FF31F3244F27041C5F60201086810432F
:103680000860FFE704E09DF857008DF85600FFE75B
:1036900004E09DF857008DF85600FFE7FFE7189803
:1036A0000068C007002800F04C80FFE71898C06F42
:1036B000099028282BD80999DFE801F01529292934
:1036C0002929292916292929292929291E29292988
:1036D000292929292629292929292929272929295F
:1036E00029292929280016E018980830012104F01A
:1036F0002FFC8DF857000EE018982830012104F0B7
:103700000FFD8DF8570006E005E004E003E001201E
:103710008DF85700FFE79DF8570060B9FFE744F2C6
:103720005441C5F60201086820F03800189AD26F9B
:103730001043086004E09DF857008DF85600FFE73D
:10374000FFE7189800788007002839D5FFE7189818
:10375000806F0890052819D80899DFE801F0030464
:103760000C14151616E018980830012104F0F0FB2F
:103770008DF857000EE018982830012104F0D0FC95
:103780008DF8570006E005E004E003E001208DF825
:103790005700FFE79DF8570060B9FFE744F2544136
:1037A000C5F60201086820F00700189A926F1043CE
:1037B000086004E09DF857008DF85600FFE7FFE72A
:1037C00018980078400700283BD5FFE71898D0F8F4
:1037D00094000790052819D80799DFE801F0030441
:1037E0000C14151616E018980830012104F0B0FBEF
:1037F0008DF857000EE018982830012104F090FC55
:103800008DF8570006E005E004E003E001208DF8A4
:103810005700FFE79DF8570068B9FFE744F25841A9
:10382000C5F60201086820F00700189AD2F8942023
:103830001043086004E09DF857008DF85600FFE73C
:10384000FFE718980078800600284ED5FFE7189803
:10385000D0F890000690C8B1FFE70698B0F1805FFD
:1038600015D0FFE70698B0F1005F18D0FFE7069883
:10387000B0F1405F1BD0FFE70698B0F1804F17D042
:10388000FFE70698B0F1A04F13D013E016E01898A8
:103890000830002104F05CFB8DF857000EE018980A
:1038A0002830022104F03CFC8DF8570006E005E0CA
:1038B00004E003E001208DF85700FFE79DF8570072
:1038C00068B9FFE744F25441C5F60201086820F0E8
:1038D000E040189AD2F890201043086004E09DF868
:1038E00057008DF85600FFE7FFE71898007840066C
:1038F00000284ED5FFE71898D0F89C000590C8B175
:10390000FFE70598B0F5806F15D0FFE70598B0F593
:10391000006F18D0FFE70598B0F5406F1BD0FFE7A8
:103920000598B0F5805F17D0FFE70598B0F5A05F68
:1039300013D013E016E018980830002104F008FBBB
:103940008DF857000EE018982830022104F0E8FBAB
:103950008DF8570006E005E004E003E001208DF853
:103960005700FFE79DF8570068B9FFE744F2584158
:10397000C5F60201086820F4E050189AD2F89C209D
:103980001043086004E09DF857008DF85600FFE7EB
:10399000FFE718980078000600284ED5FFE7189832
:1039A000D0F8A0000490C8B1FFE70498B0F5005F1C
:1039B00015D0FFE70498B0F5804F18D0FFE70498C2
:1039C000B0F5C04F1BD0FFE70498B0F5004F17D0FB
:1039D000FFE70498B0F5204F13D013E016E01898D5
:1039E0000830002104F0B4FA8DF857000EE0189862
:1039F0002830022104F094FB8DF8570006E005E022
:103A000004E003E001208DF85700FFE79DF8570020
:103A100068B9FFE744F25841C5F60201086820F48E
:103A20006040189AD2F8A0201043086004E09DF886
:103A300057008DF85600FFE7FFE718980078000759
:103A4000002820D5FFE71898D0F88400B0F5805FF3
:103A50000CD1FFE718982830022104F061FB20B157
:103A6000FFE701208DF85600FFE7FFE744F25441DD
:103A7000C5F60201086820F44050189AD2F8842054
:103A800010430860FFE718980078C006002820D58A
:103A9000FFE71898D0F89800B0F5807F0CD1FFE7C9
:103AA00018982830022104F03BFB20B1FFE70120E9
:103AB0008DF85600FFE7FFE744F25841C5F60201D2
:103AC000086820F44070189AD2F8982010430860D3
:103AD000FFE718988078000700283CD5FFE7189882
:103AE000D0F8A400039050B1FFE70398B0F5803FF1
:103AF0000DD0FFE70398B0F5003F10D010E0189804
:103B00000830002104F024FA8DF857000CE01898D2
:103B10002830022104F004FB8DF8570004E003E094
:103B200001208DF85700FFE79DF8570068B9FFE7BF
:103B300044F25841C5F60201086820F44030189A52
:103B4000D2F8A4201043086004E09DF857008DF8D7
:103B50005600FFE7FFE718988078400700283FD518
:103B6000FFE71898D0F888000290B0F5801F0AD0BF
:103B7000FFE70298B0F5001F0ED0FFE70298B0F5FE
:103B8000401F11D011E044F22C41C5F60201086833
:103B900040F4003008600CE018982830012104F04F
:103BA000BFFA8DF8570004E003E001208DF85700BC
:103BB000FFE79DF8570068B9FFE744F25441C5F6A6
:103BC0000201086820F44010189AD2F888201043A7
:103BD000086004E09DF857008DF85600FFE7FFE706
:103BE00018988078C007A8B3FFE71898006D019077
:103BF00028B1FFE70198B0F5803F09D010E044F20A
:103C00002C41C5F60201086840F4003008600BE062
:103C100018980830022104F09BF98DF8570003E052
:103C200001208DF85700FFE79DF8570060B9FFE7C6
:103C300044F24C41C5F60201086820F48030189A1D
:103C4000126D1043086004E09DF857008DF856008F
:103C5000FFE7FFE71898C078800600280CD5FFE73B
:103C600018982830022104F05BFA20B1FFE7012008
:103C70008DF85600FFE7FFE7189880788007002846
:103C80003CD5FFE71898D0F880000090D0B1FFE74E
:103C90000098B0F5807F0AD0FFE70098B0F5007F6C
:103CA0000ED0FFE70098B0F5407F0AD00BE044F259
:103CB0002C41C5F60201086840F40030086006E0B7
:103CC00005E004E003E001208DF85700FFE79DF8D0
:103CD000570068B9FFE744F25441C5F6020108688D
:103CE00020F44070189AD2F880201043086004E055
:103CF0009DF857008DF85600FFE7FFE71898807889
:103D0000C00600280CD5FFE744F25041C5F6020179
:103D1000086820F00040189A526F10430860FFE7CF
:103D20001898C078C00600280DD5FFE744F210416E
:103D3000C5F60201086820F48040189AD2F8B8202D
:103D400010430860FFE718988078800600280CD59B
:103D5000FFE744F25041C5F60201086820F0807088
:103D6000189AD26E10430860FFE71898C078400692
:103D7000002811D5FFE7FFE744F21041C5F6020124
:103D8000086820F4004008601898D0F8BC20086843
:103D900010430860FFE7FFE71898C0780006002886
:103DA0000CD5FFE744F24C41C5F60201086820F04B
:103DB0004050189A526D10430860FFE718988078B9
:103DC000000600280DD5FFE744F25441C5F6020174
:103DD000086820F44000189AD2F88C20104308603C
:103DE000FFE718980079C00790B1FFE718980830EE
:103DF000002104F0ADF88DF857009DF8570008B980
:103E0000FFE704E09DF857008DF85600FFE7FFE755
:103E1000189800798007002812D5FFE71898083015
:103E2000012104F095F88DF857009DF8570008B966
:103E3000FFE704E09DF857008DF85600FFE7FFE725
:103E4000189800794007002812D5FFE71898083025
:103E5000022104F07DF88DF857009DF8570008B94D
:103E6000FFE704E09DF857008DF85600FFE7FFE7F5
:103E7000189800790007002812D5FFE71898283015
:103E8000002104F04DF98DF857009DF8570008B94E
:103E9000FFE704E09DF857008DF85600FFE7FFE7C5
:103EA00018980079C006002812D5FFE71898283026
:103EB000012104F035F98DF857009DF8570008B935
:103EC000FFE704E09DF857008DF85600FFE7FFE795
:103ED000189800798006002812D5FFE71898283036
:103EE000022104F01DF98DF857009DF8570008B91C
:103EF000FFE704E09DF857008DF85600FFE7FFE765
:103F00009DF8560020B9FFE700208DF8670003E018
:103F100001208DF86700FFE79DF867001AB080BDAB
:103F200080B586B004900391049820B9FFE7012082
:103F30008DF817003CE2039842F20001C5F200211F
:103F4000096801F00F01884216D9FFE742F200002C
:103F5000C5F20020016821F00F01039A11430160AE
:103F6000006800F00F000399884204D0FFE70120A9
:103F70008DF817001CE2FFE704980078400700283E
:103F800019D5FFE70498006944F21841C5F602010B
:103F9000096801F0700188420CD9FFE744F218412A
:103FA000C5F60201086820F07000049A12691043F7
:103FB0000860FFE7FFE7049800780007002819D59C
:103FC000FFE70498406944F21C41C5F60201096804
:103FD00001F0700188420CD9FFE744F21C41C5F69C
:103FE0000201086820F07000049A526910430860CA
:103FF000FFE7FFE704980078C006002819D5FFE71F
:104000000498806944F21C41C5F60201096801F474
:10401000E06188420CD9FFE744F21C41C5F6020179
:10402000086820F4E060049A926910430860FFE792
:10403000FFE7049800788006002819D5FFE7049868
:10404000C06944F22041C5F60201096801F070011F
:1040500088420CD9FFE744F22041C5F60201086806
:1040600020F07000049AD26910430860FFE7FFE770
:10407000049800788007002819D5FFE70498C068E5
:1040800044F21841C5F60201096801F00F018842A7
:104090000CD9FFE744F21841C5F60201086820F088
:1040A0000F00049AD26810430860FFE7FFE7049806
:1040B0000078C007002800F08C80FFE744F2184128
:1040C000C5F60201086820F47060049A92681043F3
:1040D000086004984068022811D1FFE744F20040CC
:1040E000C5F60200006800F400310020B0EB514F2B
:1040F00004D1FFE701208DF8170059E13EE0049854
:104100004068032811D1FFE744F20040C5F60200E1
:10411000006800F000710020B0EB516F04D1FFE7A0
:1041200001208DF8170043E127E00498406801283A
:1041300011D1FFE744F20040C5F60200006800F428
:1041400080710020B0EB112F04D1FFE701208DF822
:1041500017002DE110E044F20040C5F602000068AF
:1041600000F004010020B0EB910F04D1FFE7012023
:104170008DF817001CE1FFE7FFE7FFE744F210416D
:10418000C5F60201086820F00700049A526810433F
:104190000860FDF7A1FD0190FFE744F21040C5F66D
:1041A0000200006800F0380004994968B0EBC10FC4
:1041B0000ED0FFE7FDF790FD0199401A41F28931D9
:1041C000884204D3FFE703208DF81700F0E0E4E70E
:1041D000FFE7049800788007002819D5FFE70498C6
:1041E000C06844F21841C5F60201096801F00F01E8
:1041F00088420CD2FFE744F21841C5F60201086874
:1042000020F00F00049AD26810430860FFE7FFE730
:10421000039842F20001C5F20021096801F00F0184
:10422000884216D2FFE742F20000C5F20020016882
:1042300021F00F01039A11430160006800F00F00A4
:104240000399884204D0FFE701208DF81700AFE002
:10425000FFE7049800784007002819D5FFE7049885
:10426000006944F21841C5F60201096801F07001C5
:1042700088420CD2FFE744F21841C5F602010868F3
:1042800020F07000049A126910430860FFE7FFE70E
:10429000049800780007002819D5FFE704984069C2
:1042A00044F21C41C5F60201096801F07001884220
:1042B0000CD2FFE744F21C41C5F60201086820F069
:1042C0007000049A526910430860FFE7FFE7049802
:1042D0000078C006002819D5FFE70498806944F2E9
:1042E0001C41C5F60201096801F4E06188420CD264
:1042F000FFE744F21C41C5F60201086820F4E060C3
:10430000049A926910430860FFE7FFE70498007879
:104310008006002819D5FFE70498C06944F22041BF
:10432000C5F60201096801F0700188420CD2FFE76E
:1043300044F22041C5F60201086820F07000049A9A
:10434000D26910430860FFE7FFE700F089F844F204
:104350001842C5F602021168C1F303234DF236314B
:10436000C0F60001CB5C03F01F03D840009000981A
:10437000126802F00F02895C01F01F01C84040F290
:104380000401C2F200410860009840F20001C2F24C
:104390000041086040F20C00C2F200400068FEF7E5
:1043A000D3F98DF80B009DF80B008DF81700FFE78F
:1043B0009DF8170006B080BD80B582B000F050F8BF
:1043C00044F21842C5F602021168C1F303234DF20C
:1043D0003631C0F60001CB5C03F01F03D8400190DA
:1043E0000198126802F00F02895C01F01F0120FAA7
:1043F00001F140F20400C2F200400160019940F274
:104400000002C2F200421160006802B080BD0000EC
:1044100080B5FFF7D1FF44F21C41C5F602010968DF
:10442000C1F302124DF23631C0F60001895C01F091
:104430001F01C84080BD000080B5FFF7BDFF44F2FA
:104440001C41C5F602010968C1F302224DF2363162
:10445000C0F60001895C01F01F01C84080BD00006A
:104460008AB044F21040C5F60200006800F038003F
:1044700001460191182800F269810199DFE811F0E5
:104480001900660166016601660166016601660142
:104490003A00660166016601660166016601660111
:1044A00040006601660166016601660166016601FB
:1044B000460044F20040C5F60200006800F020010A
:1044C0000020B0EB511F0ED0FFE744F20040C5F6CC
:1044D00002000068C0F3C10149F20000C0F2D03010
:1044E000C840029005E049F20000C0F2D0300290CE
:1044F000FFE731E140F60010C0F23D0002902BE1F1
:1045000047F64000C0F27D10029025E144F22840B9
:10451000C5F60200016801F0030108910068C0F3CC
:104520000510079044F22C40C5F60200006800F028
:1045300001000690069844F23441C5F6020109686C
:1045400089B2C908484300EE100AB8EE400A8DED62
:10455000040A0798002800F0F580FFE7089800900B
:1045600048B1FFE70098012869D0FFE700980228CA
:1045700000F08980ABE044F20040C5F6020000681C
:1045800000F020010020B0EB511F33D0FFE744F2D0
:104590000040C5F602000068C0F3C10149F2000006
:1045A000C0F2D030C84005909DED050AB8EE400A33
:1045B0009DED071AB8EE411A80EE010A44F2304030
:1045C000C5F6020000686FF35F2001EE100AB8EE36
:1045D000411A9DED042A9FED633A82EE032A31EEE3
:1045E000021AB7EE002A31EE021A20EE010A8DED12
:1045F000030A23E09DED070AB8EE401A9FED5B0A1F
:1046000080EE010A44F23040C5F6020000686FF304
:104610005F2001EE100AB8EE411A9DED042A9FEDCD
:10462000513A82EE032A31EE021AB7EE002A31EE39
:10463000021A20EE010A8DED030AFFE76BE09DED03
:10464000070AB8EE401A9FED480A80EE010A44F2CC
:104650003040C5F6020000686FF35F2001EE100ADB
:10466000B8EE411A9DED042A9FED3E3A82EE032AF0
:1046700031EE021AB7EE002A31EE021A20EE010ADC
:104680008DED030A47E09DED070AB8EE401A9FED55
:10469000340A80EE010A44F23040C5F60200006898
:1046A0006FF35F2001EE100AB8EE411A9DED042A67
:1046B0009FED2C3A82EE032A31EE021AB7EE002A61
:1046C00031EE021A20EE010A8DED030A23E09DED82
:1046D000070AB8EE401A9FED240A80EE010A44F260
:1046E0003040C5F6020000686FF35F2001EE100A4B
:1046F000B8EE411A9DED042A9FED1A3A82EE032A84
:1047000031EE021AB7EE002A31EE021A20EE010A4B
:104710008DED030AFFE744F23040C5F60200006861
:1047200081B2012000EB512009909DED030A9DED1F
:10473000091AB8EE411A80EE010ABCEEC00A8DEDEE
:10474000020A02E000200290FFE705E040F60010B8
:10475000C0F23D000290FFE702980AB0704700BF28
:1047600020BCBE4B000000460024744A0024744C58
:1047700080B58CB00A900A9828B9FFE701208DF81F
:104780002F0000F09DBD0A980078C007002800F0B7
:10479000B980FFE744F21040C5F60200006800F05F
:1047A0003800069044F22840C5F6020000680590E3
:1047B000069810280AD0FFE7069818281CD1FFE7B2
:1047C000059800F00300022816D1FFE744F20040EC
:1047D000C5F60200006800F400310020B0EB514F34
:1047E00009D0FFE70A98406828B9FFE701208DF853
:1047F0002F0000F065BD84E0FFE70A984068B0F53F
:10480000803F09D1FFE744F20041C5F60201086884
:1048100040F48030086032E00A98406868B9FFE7E9
:1048200044F20041C5F60201086820F480300860B7
:10483000086820F48020086020E00A984068B0F5FD
:10484000A02F0DD1FFE744F20041C5F60201086830
:1048500040F480200860086840F4803008600CE074
:1048600044F20041C5F60201086820F48030086077
:10487000086820F480200860FFE7FFE7FFE7FFE714
:104880000A984068F0B1FFE7FDF726FA0990FFE7C4
:1048900044F20040C5F60200006800F40031002038
:1048A000B0EB514F0DD1FFE7FDF716FA0999401A09
:1048B000652805D3FFE703208DF82F0000F000BD29
:1048C000E6E71DE0FDF708FA0990FFE744F2004033
:1048D000C5F60200006800F400310020B0EB514F33
:1048E0000DD0FFE7FDF7F8F90999401A652805D3BF
:1048F000FFE703208DF82F0000F0E2BCE6E7FFE7BA
:10490000FFE7FFE70A9800788007002840F116814A
:10491000FFE744F21040C5F60200006800F03800DE
:10492000049044F22840C5F6020000680390049801
:1049300050B1FFE70498182878D1FFE79DF80C00E4
:104940008007002872D1FFE744F20040C5F602005C
:10495000006800F004010020B0EB910F09D0FFE7E0
:104960000A98C06828B9FFE701208DF82F0000F0F1
:10497000A7BC44F20041C5F60201086820F0190006
:104980000A9AD26810430860FDF7A6F90990FFE77C
:1049900044F20040C5F60200006800F00401002067
:1049A000B0EB910F0DD1FFE7FDF796F90999401A89
:1049B000032805D3FFE703208DF82F0000F080BC0B
:1049C000E6E7FFE7FDF780F941F2030188421DD8D1
:1049D000FFE70A98006940280AD1FFE744F2044142
:1049E000C5F602010868202262F3113008600CE06D
:1049F00044F20441C5F60201086820F47C300A9AAA
:104A0000126940EA02300860FFE70CE044F204411A
:104A1000C5F60201086820F0FE400A9A126940EAD1
:104A200002600860FFE7FFE7FFE786E00A98C068DA
:104A300000285CD0FFE744F20041C5F60201086897
:104A400020F019000A9AD26810430860FDF744F973
:104A50000990FFE744F20040C5F60200006800F04C
:104A600004010020B0EB910F0DD1FFE7FDF734F901
:104A70000999401A032805D3FFE703208DF82F007A
:104A800000F01EBCE6E7FFE7FDF71EF941F2030167
:104A900088421DD8FFE70A98006940280AD1FFE73D
:104AA00044F20441C5F602010868202262F3113085
:104AB00008600CE044F20441C5F60201086820F4E5
:104AC0007C300A9A126940EA02300860FFE70CE085
:104AD00044F20441C5F60201086820F0FE400A9A3B
:104AE000126940EA02600860FFE7FFE724E044F251
:104AF0000041C5F60201086820F001000860FDF7DA
:104B0000EBF80990FFE744F20040C5F602000068A8
:104B100000F004010020B0EB910F0CD0FFE7FDF78F
:104B2000DBF80999401A032804D3FFE703208DF826
:104B30002F00C5E3E7E7FFE7FFE7FFE70A98007804
:104B4000C006002840F1EB80FFE744F21040C5F6B4
:104B50000200006800F03800029044F22840C5F6D8
:104B6000020000680190029808280AD0FFE7029826
:104B7000182850D1FFE7019800F0030001284AD11E
:104B8000FFE744F20040C5F60200006800F48071BF
:104B90000020B0EB112F09D0FFE70A98C0698028E8
:104BA00004D0FFE701208DF82F0089E3FFE7FDF730
:104BB0008BF841F2030188421DD8FFE70A98006A8A
:104BC00020280AD1FFE744F20441C5F60201086833
:104BD000102262F39E6008600CE044F20441C5F6C6
:104BE0000201086820F0F8400A9A126A40EA8260DE
:104BF0000860FFE70CE044F20C41C5F602010868CA
:104C000020F07C500A9A126A40EA02600860FFE7CE
:104C1000FFE7FFE782E00A98C069002858D0FFE765
:104C200044F20041C5F60201086840F080000860C7
:104C3000FDF752F80990FFE744F20040C5F6020084
:104C4000006800F480710020B0EB112F0CD1FFE759
:104C5000FDF742F80999401A032804D3FFE703201F
:104C60008DF82F002CE3E7E7FFE7FDF72DF841F281
:104C7000030188421DD8FFE70A98006A20280AD15C
:104C8000FFE744F20441C5F602010868102262F30E
:104C90009E6008600CE044F20441C5F60201086819
:104CA00020F0F8400A9A126A40EA82600860FFE742
:104CB0000CE044F20C41C5F60201086820F07C507B
:104CC0000A9A126A40EA02600860FFE7FFE724E000
:104CD00044F20041C5F60201086820F08000086037
:104CE000FCF7FAFF0990FFE744F20040C5F6020026
:104CF000006800F480710020B0EB112F0CD0FFE7AA
:104D0000FCF7EAFF0999401A032804D3FFE70320C0
:104D10008DF82F00D4E2E7E7FFE7FFE7FFE70A9807
:104D20000078000700284FD5FFE70A98406928B3AC
:104D3000FFE744F27441C5F60201086840F0010043
:104D40000860FCF7C9FF0990FFE744F27440C5F61C
:104D50000200006800F002010020B0EB510F0CD1FE
:104D6000FFE7FCF7B9FF0999401A032804D3FFE7CE
:104D700003208DF82F00A3E2E7E724E044F274411A
:104D8000C5F60201086820F001000860FCF7A4FFE6
:104D90000990FFE744F27440C5F60200006800F095
:104DA00002010020B0EB510F0CD0FFE7FCF794FF9D
:104DB0000999401A032804D3FFE703208DF82F0038
:104DC0007EE2E7E7FFE7FFE70A9800788006002821
:104DD0004FD5FFE70A98806928B3FFE744F2004106
:104DE000C5F60201086840F480500860FCF774FFC3
:104DF0000990FFE744F20040C5F60200006800F4A5
:104E000000510020B0EB513F0CD1FFE7FCF764FFED
:104E10000999401A032804D3FFE703208DF82F00D7
:104E20004EE2E7E724E044F20041C5F602010868DB
:104E300020F480500860FCF74FFF0990FFE744F230
:104E40000040C5F60200006800F400510020B0EBFD
:104E5000513F0CD0FFE7FCF73FFF0999401A0328A8
:104E600004D3FFE703208DF82F0029E2E7E7FFE7EF
:104E7000FFE70A9800784007002840F1A780FFE785
:104E800044F60001C5F60201086840F4807008602D
:104E9000FCF722FF0990FFE744F60000C5F6020088
:104EA0000068C00500280CD4FFE7FCF715FF09993E
:104EB000401A652804D3FFE703208DF82F00FFE197
:104EC000EAE7FFE70A988068012809D1FFE744F282
:104ED0007041C5F60201086840F00100086031E049
:104EE0000A98806868B9FFE744F27041C5F602018C
:104EF000086820F001000860086820F004000860DD
:104F00001FE00A98806805280DD1FFE744F2704140
:104F1000C5F60201086840F004000860086840F027
:104F2000010008600CE044F27041C5F60201086817
:104F300020F001000860086820F004000860FFE726
:104F4000FFE7FFE7FFE70A988068F8B1FFE7FCF7A3
:104F5000C3FE0990FFE744F27040C5F60200006806
:104F600000F002010020B0EB510F0ED1FFE7FCF77B
:104F7000B3FE0999401A41F28931884204D3FFE710
:104F800003208DF82F009BE1E5E71EE0FCF7A4FE6F
:104F90000990FFE744F27040C5F60200006800F097
:104FA00002010020B0EB510F0ED0FFE7FCF794FE9A
:104FB0000999401A41F28931884204D3FFE703205E
:104FC0008DF82F007CE1E5E7FFE7FFE70A98406AEC
:104FD000002800F07181FFE744F21040C5F602009E
:104FE000006800F03800182800F0E080FFE70A9819
:104FF000406A022840F0B480FFE744F20041C5F661
:105000000201086820F080700860FCF765FE0990D6
:10501000FFE744F20040C5F60200006800F00071AE
:105020000020B0EB516F0CD0FFE7FCF755FE09995B
:10503000401A032804D3FFE703208DF82F003FE137
:10504000E7E7FFE744F22841C5F60201086840F2AD
:10505000F33290430A9B9A6ADB6A42EA03121043D6
:1050600008600A99086BD1F834C08B6BCA6B0138A1
:105070006FF35F204FF60061CFF6FF7101EB4C211B
:1050800089B208440021CFF6FF7101EB034101F41E
:10509000FE0108444FF07F4101EB026101F0FE4147
:1050A000084444F23041C5F602010860FFE744F2CB
:1050B0002C41C5F602010091086820F0010008604B
:1050C00044F23442C5F6020210684FF6F873984372
:1050D0000A9B9B6C40EAC3001060086820F00C003B
:1050E0000A9A126C10430860086820F002000A9ABD
:1050F000526C10430860086840F48030086008680B
:1051000040F400300860086840F4802008600868B7
:1051100040F00100086044F20041C5F60201086851
:1051200040F080700860FCF7D7FD0990FFE744F27B
:105130000040C5F60200006800F000710020B0EBEE
:10514000516F0CD1FFE7FCF7C7FD0999401A0328FE
:1051500004D3FFE703208DF82F00B1E0E7E724E058
:1051600044F20041C5F60201086820F08070086032
:10517000FCF7B2FD0990FFE744F20040C5F60200DB
:10518000006800F000710020B0EB516F0CD0FFE719
:10519000FCF7A2FD0999401A032804D3FFE7032076
:1051A0008DF82F008CE0E7E7FFE784E044F2284029
:1051B000C5F602000068089044F23040C5F60200CF
:1051C000006807900A98406A012837D0FFE70898DE
:1051D00000F003000A99896A88422FD1FFE70898F6
:1051E00000F47C710A98C06AB0EB111F26D1FFE76A
:1051F00007986FF35F200A99096B013988421DD126
:10520000FFE7BDF81C100A98406B0138B0EB512F36
:1052100014D1FFE7079800F4FE010A98806B01386B
:10522000B0EB114F0AD1FFE7079800F0FE410A9852
:10523000C06B0138B0EB116F04D0FFE701208DF88F
:105240002F003DE044F23440C5F60200006880B211
:10525000C00808900A98806C0899884229D0FFE716
:1052600044F22C41C5F60201086820F001000860F4
:10527000FCF732FD0990FFE7FCF72EFD0999401A73
:1052800008B9FFE7F8E744F23441C5F602010868BF
:105290004FF6F87290430A9A926C40EAC200086096
:1052A00044F22C41C5F60201086840F00100086094
:1052B000FFE7FFE7FFE7FFE700208DF82F00FFE79C
:1052C0009DF82F000CB080BD80B582B00190019890
:1052D00003F012F802B080BD81B0009001B07047B9
:1052E00081B0009001B0704781B0009001B070476C
:1052F00085B003900291FFE7039890F83C000128E5
:1053000004D1FFE702208DF8130099E003990120F2
:1053100081F83C00FFE7FFE70399022081F83D0098
:1053200003980068406801900398006880680090C6
:10533000039800680021C4F20101884209D0FFE708
:105340000398006840F20041C4F2010188420AD18A
:10535000FFE7019820F470000190029841680198DD
:1053600008430190FFE7019820F070000190029837
:105370000168019808430190019803990968486001
:10538000039800680021C4F2010188423CD0FFE785
:1053900003980068B0F1804F36D0FFE703980068AB
:1053A00040F20041C4F2000188422DD0FFE703988B
:1053B000006840F60001C4F20001884224D0FFE7F3
:1053C0000398006840F60041C4F2000188421BD0F7
:1053D000FFE70398006840F20041C4F201018842EF
:1053E00012D0FFE70398006841F60001C4F2000103
:1053F000884209D0FFE70398006844F20001C4F234
:10540000010188420ED1FFE7009820F08000009053
:1054100002988168009808430090009803990968F1
:105420008860FFE70399012081F83D00FFE70399B9
:10543000002081F83C00FFE700208DF81300FFE713
:105440009DF8130005B0704780B582B000900098B9
:1054500020B9FFE701208DF8070045E0009890F89B
:105460003D0040B9FFE70099002081F83C0000981A
:1054700000F03EF8FFE70099022081F83D00009916
:1054800051F8040B03F094F80099012081F84800CA
:10549000FFE70099012081F83E00009981F83F0064
:1054A000009981F84000009981F84100009981F845
:1054B0004200009981F84300FFE7FFE700990120CF
:1054C00081F84400009981F84500009981F8460070
:1054D000009981F84700FFE70099012081F83D001D
:1054E00000208DF80700FFE79DF8070002B080BD9F
:1054F00080B584B003900398006840F60001C4F2C0
:105500000001884210D1FFE7FFE744F2E840C5F60A
:105510000200016841F004010160006800F004002D
:1055200002900298FFE722E00398006840F60041ED
:10553000C4F20001884219D1FFE7FFE744F2E840D6
:10554000C5F60200016841F008010160006800F042
:10555000080001900198FFE73220009000221146D8
:10556000FDF756F90098FDF747F9FFE7FFE704B0AC
:1055700080BD00000000000083B00190019890F809
:105580003D00012804D0FFE701208DF80B0071E0F9
:105590000199022081F83D0001980168C86840F037
:1055A0000100C860019800680021C4F2010188422E
:1055B0003CD0FFE701980068B0F1804F36D0FFE79C
:1055C0000198006840F20041C4F2000188422DD0E9
:1055D000FFE70198006840F60001C4F2000188422C
:1055E00024D0FFE70198006840F60041C4F20001B2
:1055F00088421BD0FFE70198006840F20041C4F2E6
:105600000101884212D0FFE70198006841F60001CD
:10561000C4F20001884209D0FFE70198006844F213
:105620000001C4F20101884219D1FFE70198006826
:1056300080680721C0F20101084000900098062808
:105640000CD0FFE70098B0F5803F07D0FFE7019846
:105650000168086840F001000860FFE706E0019873
:105660000168086840F001000860FFE700208DF83D
:105670000B00FFE79DF80B0003B07047000000002F
:1056800080B586B00490039100208DF80B00FFE7F1
:10569000049890F83C00012804D1FFE702208DF81F
:1056A0001700D1E00499012081F83C00FFE7FFE7F3
:1056B0000499022081F83D000498006880680190F8
:1056C00001984FF68871CFF6CE710840019001988D
:1056D00020F47F400190019804990968886003983C
:1056E00000680090002800F09580FFE700981028DF
:1056F00000F09080FFE70098202800F08B80FFE703
:105700000098302800F08680FFE70098402874D089
:10571000FFE70098502856D0FFE7009860285FD038
:10572000FFE7009870282AD0FFE70098B0F5805F67
:1057300024D0FFE70098B0F5005F35D0FFE7009870
:10574000B0F5801F66D0FFE70098B0F1101F61D060
:10575000FFE700982021C0F2100188425AD0FFE7ED
:1057600000983021C0F21001884253D0FFE7009822
:105770004021C0F2100188424CD052E055E004981C
:105780000068039B5A689968DB6802F0FDFF049883
:10579000006880680190019840F0770001900198BE
:1057A00004990968886040E004980068039B5A687F
:1057B0009968DB6802F0E8FF04980168886840F4A3
:1057C0008040886031E004980068039A5168D2688C
:1057D00003F06AFB04980068502102F0F1FF24E016
:1057E00004980068039A5168D26803F085FB049816
:1057F0000068602102F0E4FF17E004980068039A53
:105800005168D26803F050FB04980068402102F010
:10581000D7FF0AE0049800680399096802F0D0FFF6
:1058200003E001208DF80B00FFE70499012081F8C7
:105830003D00FFE70499002081F83C00FFE79DF858
:105840000B008DF81700FFE79DF8170006B080BD2C
:1058500080B586B004900391049820B9FFE7012039
:105860008DF817008AE0049890F83D0040B9FFE7F2
:105870000499002081F83C00049800F085F8FFE7C7
:105880000499022081F83D000498016888684BF66D
:10589000F872CFF6FE7210408860049951F8040B3C
:1058A00002F086FE04980068806802900498006800
:1058B0008069019004980068006A0090039801686C
:1058C000029808430290019840F203318843019006
:1058D00003998868896940EA012101980843019089
:1058E000019840F60C418843019001984FF2F00175
:1058F000884301900399C868C96940EA0121019869
:105900000843019003990869096A000140EA0131DE
:10591000019808430190009820F022000090009820
:1059200020F08800009003994868496940EA011115
:1059300000980843009002980499096888600198CB
:1059400004990968886100980499096808620499B3
:10595000012081F84800049981F83E00049981F8FB
:105960003F00049981F84400049981F845000499A6
:1059700081F83D0000208DF81700FFE79DF8170023
:1059800006B080BD0000000080B58CB00B900020F8
:105990000A9009900890079006900B9800680021E3
:1059A000C4F20101884230D1FFE7FFE744F2F04042
:1059B000C5F60200016841F001010160006800F0D5
:1059C000010005900598FFE7FFE744F2E040C5F6C7
:1059D0000200016841F010010160006800F0100051
:1059E00004900498FFE74FF420600690022007908F
:1059F00000200890099001200A9041F20000C5F6AD
:105A0000020006A9FBF764FF6BE00B980068B0F199
:105A1000804F2ED1FFE7FFE744F2E840C5F60200D1
:105A2000016841F001010160006800F0010003908D
:105A30000398FFE7FFE744F2E040C5F60200016883
:105A400041F001010160006800F00100029002983D
:105A5000FFE703200690022007900020089009909D
:105A600001200A900020C5F6020006A9FBF730FFCE
:105A700036E00B98006840F20041C4F20001884211
:105A80002DD1FFE7FFE744F2E840C5F602000168C8
:105A900041F002010160006800F0020001900198ED
:105AA000FFE7FFE744F2E040C5F60200016841F07D
:105AB00001010160006800F0010000900098FFE71C
:105AC000C0200690022007900021089109910A90B9
:105AD0000020C5F6020006A9FBF7FAFEFFE7FFE784
:105AE000FFE70CB080BD000080B586B00490039144
:105AF000049890F83E008DF80B00049890F83F0051
:105B00008DF80A00049890F844008DF80900049874
:105B100090F845008DF808000398B8B9FFE79DF8A4
:105B20000B00012805D1FFE79DF80900012804D0EA
:105B3000FFE701208DF8170079E00499022081F831
:105B40003E00049981F84400FFE742E003980428EE
:105B500017D1FFE79DF80A00012805D1FFE79DF85E
:105B60000800012804D0FFE701208DF817005EE04F
:105B70000499022081F83F00049981F84500FFE76D
:105B800026E09DF80B0001280FD1FFE79DF80A00E1
:105B900001280AD1FFE79DF80900012805D1FFE798
:105BA0009DF80800012804D0FFE701208DF81700B8
:105BB0003DE00499022081F83E00049981F83F00FD
:105BC000049981F84400049981F84500FFE7FFE754
:105BD000FFE70398019020B1FFE70198042807D060
:105BE0000DE0049800680021012202F0B1FD14E0EC
:105BF000049800680421012202F0AAFD0DE0049837
:105C0000006800210122009202F0A2FD009A04988F
:105C10000068042102F09CFDFFE704980168086811
:105C200040F00100086000208DF81700FFE79DF8A4
:105C3000170006B080BD000081B0009001B0704731
:105C400080B582B0019001980068006900F00201FF
:105C50000020B0EB510F28D0FFE701980068C06822
:105C600000F002010020B0EB510F1DD0FFE70198BA
:105C700001686FF00200086101990120087701981E
:105C800000688069800720B1FFE70198FFF7D4FF23
:105C900006E0019800F064F9019800F095FAFFE73A
:105CA000019900200877FFE7FFE701980068006985
:105CB00000F004010020B0EB910F29D0FFE701981C
:105CC0000068C06800F004010020B0EB910F1ED006
:105CD000FFE7019801686FF0040008610199022054
:105CE000087701980068806910F4407F04D0FFE7CE
:105CF0000198FFF7A1FF06E0019800F031F9019843
:105D000000F062FAFFE7019900200877FFE7FFE75C
:105D100001980068006900F008010020B0EBD10F85
:105D200028D0FFE701980068C06800F00801002053
:105D3000B0EBD10F1DD0FFE7019801686FF00800AC
:105D4000086101990420087701980068C0698007FC
:105D500020B1FFE70198FFF76FFF06E0019800F020
:105D6000FFF8019800F030FAFFE70199002008776A
:105D7000FFE7FFE701980068006900F010010020CC
:105D8000B0EB111F29D0FFE701980068C06800F050
:105D900010010020B0EB111F1ED0FFE70198016831
:105DA0006FF01000086101990820087701980068D9
:105DB000C06910F4407F04D0FFE70198FFF73CFF73
:105DC00006E0019800F0CCF8019800F0FDF9FFE73B
:105DD000019900200877FFE7FFE701980068006954
:105DE000C00780B1FFE701980068C068C00748B1EC
:105DF000FFE7019801686FF001000861019800F069
:105E000027FBFFE7FFE7019800680069C1B20020A7
:105E1000B0EBD11F13D0FFE701980068C068C1B292
:105E20000020B0EBD11F09D0FFE7019801686FF0A7
:105E3000800008610198FFF753FAFFE7FFE7019838
:105E40000068006900F480710020B0EB112F13D0BE
:105E5000FFE701980068C068C1B20020B0EBD11F15
:105E600009D0FFE7019801686FF48070086101981C
:105E7000FFF732FAFFE7FFE701980068006900F0DA
:105E800040010020B0EB911F14D0FFE7019800689B
:105E9000C06800F040010020B0EB911F09D0FFE77F
:105EA000019801686FF040000861019800F0D8FA8D
:105EB000FFE7FFE701980068006900F0200100207B
:105EC000B0EB511F14D0FFE701980068C06800F0E4
:105ED00020010020B0EB511F09D0FFE701980168B5
:105EE0006FF0200008610198FFF7FEF9FFE7FFE778
:105EF00002B080BD0000000080B588B0079000208F
:105F0000069005900490039002900798006840F670
:105F10000001C4F20001884220D1FFE7FFE744F20C
:105F2000E040C5F60200016841F008010160006828
:105F300000F0080001900198FFE74FF4E040029064
:105F400002200390002104910591069040F6004044
:105F5000C5F6020002A9FBF7BBFCFFE708B080BD55
:105F600081B0009001B0704780B586B00490039175
:105F7000029200208DF80700FFE7049890F83C009B
:105F8000012804D1FFE702208DF81700C0E0049932
:105F9000012081F83C00FFE7FFE7029800901428F9
:105FA00000F2A7800099DFE801F00BA4A4A424A4C8
:105FB000A4A43EA4A4A457A4A4A471A4A4A48A0045
:105FC00004980068039902F013FC0498016888693A
:105FD00040F00800886104980168886920F0040096
:105FE0008861039802690498016888691043886190
:105FF00083E004980068039902F0A2FC0498016809
:10600000886940F40060886104980168886920F418
:10601000806088610398026904980168886940EA91
:106020000220886169E004980068039902F040FD4D
:1060300004980168C86940F00800C86104980168C4
:10604000C86920F00400C8610398026904980168D7
:10605000C8691043C86150E004980068039902F0D1
:10606000DFFD04980168C86940F40060C8610498C5
:106070000168C86920F48060C861039802690498C7
:106080000168C86940EA0220C86136E004980068E7
:10609000039902F035FE04980168486D40F008004D
:1060A000486504980168486D20F00400486503982D
:1060B000026904980168486D104348651DE0049822
:1060C0000068039902F084FE04980168486D40F46A
:1060D0000060486504980168486D20F48060486558
:1060E0000398026904980168486D40EA02204865F7
:1060F00003E001208DF80700FFE7FFE70499002087
:1061000081F83C00FFE79DF807008DF81700FFE7D6
:106110009DF8170006B080BD80B582B00090009851
:1061200020B9FFE701208DF8070045E0009890F8BE
:106130003D0040B9FFE70099002081F83C0000983D
:1061400000F03EF8FFE70099022081F83D00009939
:1061500051F8040B02F02CFA0099012081F8480054
:10616000FFE70099012081F83E00009981F83F0087
:10617000009981F84000009981F84100009981F868
:106180004200009981F84300FFE7FFE700990120F2
:1061900081F84400009981F84500009981F8460093
:1061A000009981F84700FFE70099012081F83D0040
:1061B00000208DF80700FFE79DF8070002B080BDC2
:1061C00081B0009001B0704781B0009001B070477D
:1061D00080B590B00E900D910D9828B9FFE70E98FC
:1061E00090F83E000B9034E00D98042805D1FFE7AD
:1061F0000E9890F83F000A9028E00D98082805D1E5
:10620000FFE70E9890F8400009901CE00D980C28CC
:1062100005D1FFE70E9890F84100089010E00D9826
:10622000102805D1FFE70E9890F84200079004E08F
:106230000E9890F843000790FFE707980890FFE753
:1062400008980990FFE709980A90FFE70A980B90D1
:10625000FFE70B98012804D0FFE701208DF83F00ED
:10626000F1E00D9828B9FFE70E99022081F83E0071
:1062700038E00D98042806D1FFE70E99022081F836
:106280003F0006902CE00D98082806D1FFE70E99F4
:10629000022081F8400005901FE00D980C2806D1DF
:1062A000FFE70E99022081F84100049012E00D985A
:1062B000102806D1FFE70E99022081F842000390D2
:1062C00005E00E99022081F843000390FFE7039850
:1062D0000490FFE704980590FFE705980690FFE714
:1062E0000698FFE70E9800680D990122019202F0CE
:1062F0002FFA01980E9909680022C4F20102914216
:1063000002902DD0FFE70E980168012040F2004274
:10631000C4F201029142029022D0FFE70E98016878
:10632000012044F20002C4F201029142029017D00F
:10633000FFE70E980168012044F20042C4F2010216
:10634000914202900CD0FFE70E9800684BF60001D6
:10635000CBF6FE710844B0FA80F040090290FFE7E6
:106360000298C00738B1FFE70E980168486C40F406
:1063700000404864FFE70E9800680021C4F2010164
:1063800088423CD0FFE70E980068B0F1804F36D0CD
:10639000FFE70E98006840F20041C4F20001884215
:1063A0002DD0FFE70E98006840F60001C4F200010E
:1063B000884224D0FFE70E98006840F60041C4F2FE
:1063C000000188421BD0FFE70E98006840F20041B0
:1063D000C4F20101884212D0FFE70E98006841F62E
:1063E0000001C4F20001884209D0FFE70E9800685E
:1063F00044F20001C4F20101884219D1FFE70E986E
:10640000006880680721C0F2010108400C900C98D8
:1064100006280CD0FFE70C98B0F5803F07D0FFE7C7
:106420000E980168086840F001000860FFE706E088
:106430000E980168086840F001000860FFE700203E
:106440008DF83F00FFE79DF83F0010B080BD0000D1
:1064500080B582B0019004F07BFB02B080BD0000EB
:1064600081B0009001B0704783B00190FFE70198C0
:1064700090F88400012804D1FFE702208DF80B007A
:106480002CE00199012081F88400FFE7FFE70199E2
:106490002420C1F8880001980068006800900198E5
:1064A0000168086820F001000860009820F00050A2
:1064B00000900199002048660098019909680860D9
:1064C00001992020C1F88800FFE70199002081F898
:1064D0008400FFE700208DF80B00FFE79DF80B001C
:1064E00003B070470000000082B00190ADF80210C8
:1064F00002B070470000000081B0009001B070470A
:1065000080B584B002900191FFE7029890F8840072
:10651000012804D1FFE702208DF80F0032E0029934
:10652000012081F88400FFE7FFE702992420C1F8E9
:106530008800029800680068009002980168086866
:1065400020F00100086002980068806820F0606018
:1065500001990843029909688860029802F0F8FCE2
:10656000009802990968086002992020C1F8880003
:10657000FFE70299002081F88400FFE700208DF8F2
:106580000F00FFE79DF80F0004B080BD0000000081
:1065900080B584B002900191FFE7029890F88400E2
:1065A000012804D1FFE702208DF80F0032E00299A4
:1065B000012081F88400FFE7FFE702992420C1F859
:1065C00088000298006800680090029801680868D6
:1065D00020F00100086002980068806820F06040A8
:1065E00001990843029909688860029802F0B0FC9A
:1065F000009802990968086002992020C1F8880073
:10660000FFE70299002081F88400FFE700208DF861
:106610000F00FFE79DF80F0004B080BD00000000F0
:1066200081B0009001B0704781B0009001B0704718
:1066300081B0009001B0704780B592B01190119870
:106640000068C06910901198006800680F90119858
:10665000006880680E90109840F60F0108400D9079
:106660000D98E0B9FFE79DF840008006002815D599
:10667000FFE79DF83C008006002806D4FFE79DF860
:106680003B00C006002809D5FFE71198406F20B1F4
:10669000FFE71198416F8847FFE72FE3FFE70D9869
:1066A000002800F00C81FFE70E980121C1F20001E3
:1066B000084209D1FFE70F9840F22011C0F20041D3
:1066C000084200F0FC80FFE79DF84000C00788B159
:1066D000FFE79DF83D00C00760B1FFE71198016832
:1066E000012008621199D1F8900040F00100C1F832
:1066F0009000FFE79DF840008007002811D5FFE7D4
:106700009DF83800C00760B1FFE7119801680220CA
:1067100008621199D1F8900040F00400C1F890008F
:10672000FFE79DF840004007002811D5FFE79DF8DE
:106730003800C00760B1FFE71198016804200862C3
:106740001199D1F8900040F00200C1F89000FFE7E5
:106750009DF840000007002819D5FFE79DF83C0090
:106760008006002807D4FFE70E980121C1F200013E
:1067700008420CD0FFE711980168082008621199BF
:10678000D1F8900040F00800C1F89000FFE79DF8B4
:1067900041000007002813D5FFE79DF83F004007A0
:1067A00000280DD5FFE7119801684FF400600862DA
:1067B0001199D1F8900040F02000C1F89000FFE757
:1067C0001198D0F89000002878D0FFE79DF840009D
:1067D0008006002815D5FFE79DF83C0080060028BC
:1067E00006D4FFE79DF83B00C006002809D5FFE767
:1067F0001198406F20B1FFE71198416F8847FFE77C
:10680000FFE71198D0F890000C901198006880680C
:1068100000F04000402806D0FFE79DF8300010F05F
:10682000280F42D0FFE7119802F032FD119800685E
:1068300080684006002833D5FFE7FFE7FFE711989F
:10684000006850E8020F20F040000B90FFE70B9922
:106850001198026842E802100028F0D1FFE7FFE734
:106860001198D0F88000B0B1FFE71198D0F88010EF
:1068700049F26920C0F6000008651198D0F8800040
:10688000FAF7AAFC30B1FFE71198D0F88000016D4B
:106890008847FFE703E01198FFF7CAFEFFE703E030
:1068A0001198FFF7C5FEFFE707E01198FFF7C0FE5C
:1068B00011990020C1F89000FFE7FFE71EE2119850
:1068C000C06E012840F0BB81FFE79DF84000C00684
:1068D000002840F1B481FFE79DF83C00C006002885
:1068E00040F1AD81FFE7119801681020086211980E
:1068F000006880684006002840F13F81FFE711985A
:10690000D0F8800000681021C4F20201884200F033
:10691000A280FFE71198D0F8800000682821C4F217
:106920000201884200F09780FFE71198D0F88000BC
:1069300000684021C4F20201884200F08C80FFE729
:106940001198D0F8800000685821C4F202018842F2
:1069500000F08180FFE71198D0F880000068702176
:10696000C4F20201884276D0FFE71198D0F8800087
:1069700000688821C4F2020188426CD0FFE71198B8
:10698000D0F880000068A021C4F20201884262D0E1
:10699000FFE71198D0F880000068B821C4F2020126
:1069A000884258D0FFE71198D0F88000006840F284
:1069B0001041C4F2020188424DD0FFE71198D0F88F
:1069C0008000006840F22841C4F20201884242D0AF
:1069D000FFE71198D0F88000006840F24041C4F20F
:1069E0000201884237D0FFE71198D0F88000006894
:1069F00040F25841C4F2020188422CD0FFE71198BE
:106A0000D0F88000006840F27041C4F20201884270
:106A100021D0FFE71198D0F88000006840F288414B
:106A2000C4F20201884216D0FFE71198D0F8800026
:106A3000006840F2A041C4F2020188420BD0FFE797
:106A40001198D0F88000006840F2B841C4F2020109
:106A5000884207D1FFE71198D0F8800000684068AD
:106A6000019006E01198D0F880000068406801901D
:106A7000FFE70198ADF82A00BDF82A0000287BD076
:106A8000FFE7BDF82A001199B1F85C10884273DA6B
:106A9000FFE7BDF82A001199A1F85E001198D0F81F
:106AA0008000C069B0F5807F59D0FFE7FFE7FFE7BE
:106AB0001198006850E8000F20F480700990FFE7FB
:106AC00009991198026842E800100028F0D1FFE708
:106AD000FFE7FFE7FFE71198006850E8020F20F09A
:106AE00001000890FFE708991198026842E8021037
:106AF0000028F0D1FFE7FFE7FFE7FFE71198006804
:106B000050E8020F20F040000790FFE70799119826
:106B1000026842E802100028F0D1FFE7FFE7119970
:106B20002020C1F88C0011990020C866FFE7FFE71C
:106B30001198006850E8000F20F010000690FFE761
:106B400006991198026842E800100028F0D1FFE78A
:106B5000FFE71198D0F88000F9F782FEFFE711995E
:106B6000022008671198B0F85C10B0F85E20891A0E
:106B700089B2FFF7B9FCFFE7C0E01199B1F85C00FA
:106B8000B1F85E10401AADF816001198B0F85E002A
:106B9000002853D0FFE7BDF8160000284ED0FFE7CD
:106BA000FFE7FFE71198006850E8000F20F49070AD
:106BB0000490FFE704991198026842E80010002849
:106BC000F0D1FFE7FFE7FFE7FFE71198006850E823
:106BD000020F4FF6FE71CEF6FF7108400390FFE7FB
:106BE00003991198026842E802100028EDD1FFE7EE
:106BF000FFE711992020C1F88C0011990020C86688
:106C000011994867FFE7FFE71198006850E8000F07
:106C100020F010000290FFE702991198026842E804
:106C200000100028F0D1FFE7FFE711990220086764
:106C30001198BDF81610FFF757FCFFE75EE09DF8CE
:106C40004200C00600280FD5FFE79DF83A00400635
:106C5000002809D5FFE7119801684FF480100862F9
:106C60001198FFF7E1FC49E09DF84000000600287C
:106C700015D5FFE79DF83C000006002806D4FFE785
:106C80009DF83A000006002809D5FFE71198806FAB
:106C900020B1FFE71198816F8847FFE72EE09DF84C
:106CA0004000400600280AD5FFE79DF83C0040065A
:106CB000002804D5FFE7119802F03AFB1EE09DF88A
:106CC0004200000600280AD5FFE79DF83F00400675
:106CD000002804D5FFE71198FFF7A2FC0EE09DF80D
:106CE0004300C00750B1FFE79DF83F0000060028B1
:106CF00004D5FFE71198FFF7FFFBFFE712B080BD57
:106D000080B582B00090009820B9FFE701208DF88F
:106D1000070046E00098806908B1FFE700E0FFE760
:106D20000098D0F8880040B9FFE70099002081F86A
:106D30008400009800F03CF8FFE700992420C1F897
:106D4000880000980168086820F001000860009839
:106D500002F09EFF012804D1FFE701208DF8070013
:106D60001FE00098806A20B1FFE7009802F034F934
:106D7000FFE700980168486820F490404860009858
:106D80000168886820F02A00886000980168086817
:106D900040F001000860009802F0C2F98DF8070089
:106DA000FFE79DF8070002B080BD00000000000072
:106DB00080B5C0B03F9000203E903D903C903B900D
:106DC0003A900AA8C021F9F7A9FB3F98006844F659
:106DD0000041C4F2000188423CD1FFE700200B9043
:106DE00002210A9128900AA8FCF74AF818B1FFE797
:106DF000F9F7C2FCFFE7FFE744F2E840C5F60200FE
:106E0000016841F400210160006800F4002009904D
:106E10000998FFE7FFE744F2E040C5F60200016889
:106E200041F001010160006800F00100089008983D
:106E3000FFE74FF4C0503A9002203B9000203C9076
:106E40003D9006203E900020C5F602003AA9FAF7D0
:106E50003FFDDCE03F98006841F20001C4F201010F
:106E600088423CD1FFE700200B9001210A91299034
:106E70000AA8FCF705F818B1FFE7F9F77DFCFFE772
:106E8000FFE744F2F040C5F60200016841F010014E
:106E90000160006800F0100007900798FFE7FFE727
:106EA00044F2E040C5F60200016841F001010160D2
:106EB000006800F0010006900698FFE74FF4C060FC
:106EC0003A9002203B9000203C903D9007203E905D
:106ED0000020C5F602003AA9FAF7FAFC96E03F98BE
:106EE000006844F20041C4F2000188423CD1FFE74F
:106EF00000200B9002210A9128900AA8FBF7C0FFFE
:106F000018B1FFE7F9F738FCFFE7FFE744F2E84084
:106F1000C5F60200016841F400310160006800F428
:106F2000003005900598FFE7FFE744F2E040C5F622
:106F30000200016841F008010160006800F00800EB
:106F400004900498FFE760203A9002203B900020D4
:106F50003C903D9007203E9040F60040C5F6020070
:106F60003AA9FAF7B5FC50E03F98006844F60001F2
:106F7000C4F20001884247D1FFE700200B900221B4
:106F80000A9128900AA8FBF77BFF18B1FFE7F9F7F1
:106F9000F3FBFFE7FFE744F2E840C5F602000168B3
:106FA00041F480210160006800F480200390039880
:106FB000FFE7FFE744F2E040C5F60200016841F058
:106FC00002010160006800F0020002900298FFE7F1
:106FD0004FF440603A9002203B90002000903C909B
:106FE0003D9007203E9040F20040C5F602003AA9CD
:106FF000FAF76EFC009A272001901146FBF708FC77
:107000000198FBF7F9FBFFE7FFE7FFE7FFE740B079
:1070100080BD00000000000080B586B004900391A0
:10702000ADF80A200498D0F88C0020283CD1FFE766
:10703000039820B1FFE7BDF80A0020B9FFE701205F
:107040008DF8170034E004990020C86604980068A1
:1070500040F60041C5F6000188421CD0FFE70498C5
:10706000006840680002002814D5FFE7FFE7FFE74B
:107070000498006850E8000F40F080600190FFE73E
:1070800001990498026842E800100028F0D1FFE757
:10709000FFE7FFE7FFE704980399BDF80A2003F034
:1070A0008BFA8DF8170003E002208DF81700FFE738
:1070B0009DF8170006B080BD80B582B0019040F207
:1070C0008C30C2F2004040F20901C2F200410122BC
:1070D000FFF7A2FF05F0E0FF02B080BD0000000056
:1070E00081B0009001B07047FFE7FEE700000000AC
:1070F00081B0009000980068806900F002010020D3
:10710000B0EB510F05D0FFE70098016800208862BE
:10711000FFE7009800688069C00738B9FFE700986A
:107120000168886940F001008861FFE701B070479D
:1071300080B58AB009900891079200208DF81B0055
:1071400009990968896905910490079803909DF849
:107150001400C006002840F18680FFE70998016806
:107160001020C861FFE709980068806900F02002DC
:1071700000210846B1EB521F009007D1FFE79DF8B0
:107180001B00B0FA80F040090090FFE70098C007AC
:10719000002857D0FFE708980130002851D0FFE7BA
:1071A000FAF79AFD0399401A0899884204D8FFE734
:1071B0000898002844D1FFE709980068406800F467
:1071C00080400290099890F842008DF807000998D5
:1071D0000068806981B20020B0EBD13F14D0FFE796
:1071E0000298B0F5804F0FD0FFE79DF807002028E8
:1071F0000AD0FFE709980168486840F48040486079
:10720000FAF76AFD0390FFE7FFE7099800688069D5
:1072100000F020010020B0EB511F10D1FFE7FAF77A
:107220005BFD0399401A1A2808D3FFE7049840F041
:107230002000049001208DF81B0000E0E5E7FFE747
:10724000FFE790E79DF81B0028B9FFE70998016860
:107250002020C861FFE7049840F00400049001205A
:107260008DF81B00FFE709980068806905909DF87C
:107270001500C00768B1FFE7049840F001000490D2
:10728000099801684FF48070C86101208DF81B00D7
:10729000FFE79DF81500400700280DD5FFE704988B
:1072A00040F008000490099801684FF48060C861BC
:1072B00001208DF81B00FFE79DF8150080070028CE
:1072C0000DD5FFE7049840F002000490099801688A
:1072D0004FF40070C86101208DF81B00FFE79DF896
:1072E0001B0000B3FFE70998FFF702FF0998016848
:1072F00048684EF60002CFF6006210404860049ADB
:107300000999486C104348640999202081F841008C
:107310000999002081F84200FFE70999002081F8CF
:107320004000FFE7FFE79DF81B000AB080BD0000AA
:1073300080B586B0DDF824C0DDF820C00490ADF83B
:107340000E10ADF80C20ADF80A300498BDF80E1000
:107350009DF80A20EC4642F20003C8F20003CCF884
:107360000030002300F044F804980899099A00F0CE
:10737000B7F920B1FFE701208DF8170033E0BDF821
:107380000A00012806D1FFE79DF80C00049909685E
:10739000886215E09DF80D000499096888620498D8
:1073A0000899099A00F09CF920B1FFE701208DF8B7
:1073B000170018E09DF80C00049909688862FFE73F
:1073C0000498089B09996A4611604021002200F048
:1073D0003BF820B1FFE701208DF8170003E0002003
:1073E0008DF81700FFE79DF8170006B080BD00007C
:1073F00084B0DDF810C00390ADF80A108DF80920B4
:107400000193BDF80A006FF39F209DF8091040EA30
:107410000140019908430499084320F0004000907E
:10742000039800684068049920EA515049F60041E9
:10743000CFF6004108400099084303990968486065
:1074400004B070470000000080B586B0DDF820C0B1
:10745000049003918DF80B200193FFE704980068D6
:10746000806903990840401AB0FA80F040099DF8FD
:107470000B10884237D1FFE70198013090B3FFE746
:10748000FAF72AFC0899401A0199884203D8FFE7C5
:10749000019830BBFFE704980068806903990840B1
:1074A000401AB0FA80F040099DF80B10884217D1BD
:1074B000FFE70499486C40F02000486404992020BC
:1074C00081F841000499002081F84200FFE7049907
:1074D000002081F84000FFE701208DF8170006E04A
:1074E000FFE7FFE7BAE700208DF81700FFE79DF8F8
:1074F000170006B080BD000080B584B002900191F5
:107500000092FFE702980068806900F00401002003
:10751000B0EB910F40F08680FFE702980199009A46
:10752000FFF706FE20B1FFE701208DF80F007DE098
:1075300002980068806900F020010120B0EB511F23
:1075400046D1FFE702980068806900F0040101203D
:10755000B0EB910F08D1FFE70298008D20B1FFE753
:1075600000208DF80F0061E002980068806900F04B
:1075700010010120B0EB111F08D1FFE7029801684C
:107580001020C86102990420486403E00299002099
:107590004864FFE7029801682020C86102990A68E0
:1075A00051684EF60003CFF600631940516002990E
:1075B00081F841000299002081F84200FFE702991A
:1075C000002081F84000FFE701208DF80F002DE03A
:1075D000FAF782FB0099401A0199884203D8FFE725
:1075E0000198F0B9FFE702980068806900F0040193
:1075F0000020B0EB910F13D1FFE70299486C40F0E7
:10760000200048640299202081F84100FFE7029998
:10761000002081F84000FFE701208DF80F0005E011
:10762000FFE76FE700208DF80F00FFE79DF80F00E0
:1076300004B080BD0000000080B584B002900191CC
:107640000092FFE702980068806900F020010020A6
:10765000B0EB511F39D1FFE702980199009AFFF76B
:1076600067FD20B1FFE701208DF80F0031E0FAF748
:1076700033FB0099401A0199884203D8FFE701982B
:1076800010BBFFE702980068806900F0200100202D
:10769000B0EB511F17D1FFE70299486C40F0200072
:1076A00048640299202081F841000299002081F865
:1076B0004200FFE70299002081F84000FFE7012027
:1076C0008DF80F0005E0FFE7BCE700208DF80F0004
:1076D000FFE79DF80F0004B080BD0000000000002F
:1076E00080B584B0029001910092FFE70298006893
:1076F000806900F002010020B0EB510F3ED1FFE79E
:1077000002980199009AFFF713FD20B1FFE70120CD
:107710008DF80F0036E00198013070B3FFE7FAF7FB
:10772000DBFA0099401A0199884203D8FFE70198D3
:1077300010BBFFE702980068806900F0020100209A
:10774000B0EB510F17D1FFE70299486C40F02000D1
:1077500048640299202081F841000299002081F8B4
:107760004200FFE70299002081F84000FFE7012076
:107770008DF80F0006E0FFE7FFE7B7E700208DF880
:107780000F00FFE79DF80F0004B080BD000000006F
:1077900080B594B0002013901290119010900F902B
:1077A000FFE744F2E040C5F60200016841F0040141
:1077B0000160006800F004000E900E98FFE7FFE7FC
:1077C00044F2E040C5F60200016841F0800101602A
:1077D000006800F080000D900D98FFE7FFE744F28D
:1077E000E040C5F60200016841F001010160006857
:1077F00000F001000C900C98FFE7FFE744F2E04036
:10780000C5F60200016841F010010160006800F057
:1078100010000B900B98FFE7FFE744F2E040C5F63D
:107820000200016841F002010160006800F00200FE
:107830000A900A98FFE7FFE744F2E040C5F602002D
:10784000016841F008010160006800F0080009903B
:107850000998FFE70020C5F6020001903C21009145
:1078600000220692FAF718FA069A41F20000C5F6CD
:10787000020003904FF4A0610291FAF70DFA40F66E
:107880000040C5F6020007901021049101220592E4
:10789000FAF702FA009B0198059A06990F93109245
:1078A000119112910FA90891FAF712F8DDF808C0AA
:1078B0000398059B069A0899CDF83CC01093119245
:1078C0001292FAF705F8DDF810C0059B069A0798A2
:1078D0000899CDF83CC0109311921292F9F7F8FF75
:1078E00014B080BD0000000080B582B040F294006A
:1078F000C2F20040019045F20041C4F20001016073
:107900004EF6FF21C0F2C0014160002181600122DA
:10791000C260016141618161C1610162FAF784FA6B
:1079200018B1FFE7F8F728FFFFE740F29400C2F232
:1079300000400021FAF7D8F918B1FFE7F8F71CFF6B
:10794000FFE740F29400C2F200400021FAF718FA73
:1079500018B1FFE7F8F710FFFFE702B080BD0000A5
:1079600080B590B007A801902421F8F7D7FD0199C0
:107970000022029206920592049240F2E800C2F2BE
:10798000004003900023C4F2010303604260826060
:107990004FF6FF73C3600261426182610123079366
:1079A000089209930A920B920C920D930E920F92E9
:1079B000FDF74EFF18B1FFE7F8F7DEFEFFE7002006
:1079C00004900590069040F2E800C2F2004004A93D
:1079D000FDF78EFC18B1FFE7F8F7CEFEFFE710B019
:1079E00080BD00000000000080B58EB005A80090AA
:1079F0002421F8F793FD009900220192049203924A
:107A0000029240F23410C2F200404FF08043036013
:107A1000426082604FF6FF73C3600261826101239E
:107A2000059306920793089209920A920B930C927F
:107A30000D92FDF70DFF18B1FFE7F8F79DFEFFE788
:107A400000200290049040F23410C2F2004002A9DB
:107A5000FDF74EFC18B1FFE7F8F78EFEFFE70EB01A
:107A600080BD00000000000080B58EB005A8009029
:107A70002421F8F753FD0099002201920492039209
:107A8000029240F28010C2F2004040F20043C4F281
:107A900000030360426082604FF6FF73C3600261BF
:107AA00082610123059306920793089209920A9234
:107AB0000B930C920D92FDF7CBFE18B1FFE7F8F790
:107AC0005BFEFFE700200290049040F28010C2F2BB
:107AD000004002A9FDF70CFC18B1FFE7F8F74CFED7
:107AE000FFE70EB080BD000080B590B0002101918D
:107AF0000F910E910D910C910B910A9109910891A2
:107B000007910691059104910391029140F2CC10E6
:107B1000C2F2004040F60002C4F20002026041607E
:107B200081604FF6FF72C26001618161FDF78CFCDC
:107B300018B1FFE7F8F720FEFFE74FF480500C90F4
:107B400040F2CC10C2F200400CA9FDF799FD18B12B
:107B5000FFE7F8F711FEFFE740F2CC10C2F2004059
:107B6000FEF7DAFA18B1FFE7F8F706FEFFE70020A4
:107B700009900B9040F2CC10C2F2004009A9FDF729
:107B8000B7FB18B1FFE7F8F7F7FDFFE760200290B9
:107B9000002203920492069240F2CC10C2F20040FE
:107BA00002A9FEF7E1F918B1FFE7F8F7E5FDFFE7F5
:107BB00040F2CC10C2F2004002A90422FEF7D4F930
:107BC00018B1FFE7F8F7D8FDFFE740F2CC10C2F29A
:107BD000004002A90822FEF7C7F918B1FFE7F8F73D
:107BE000CBFDFFE740F2CC10C2F20040FEF784F973
:107BF00010B080BD0000000080B588B00021009169
:107C0000079106910591049103910291019140F22F
:107C10001820C2F2004040F60042C4F200020260A6
:107C200040F2ED224260816041F28732C260016120
:107C300080218161FDF708FC18B1FFE7F8F79CFD92
:107C4000FFE74FF48050049040F21820C2F2004049
:107C500004A9FDF715FD18B1FFE7F8F78DFDFFE763
:107C600000200190039040F21820C2F2004001A9C8
:107C7000FDF73EFB18B1FFE7F8F77EFDFFE708B020
:107C800080BD00000000000080B582B040F22040BE
:107C9000C2F20040009044F60041C4F200010160CD
:107CA0004FF4E1314160002101918160C1600161C7
:107CB0000C2242618161C161016241628162FFF710
:107CC0001FF818B1FFE7F8F757FDFFE740F2204033
:107CD000C2F200400021FEF75BFC18B1FFE7F8F7A5
:107CE0004BFDFFE740F22040C2F200400021FEF7CA
:107CF00007FC18B1FFE7F8F73FFDFFE740F220402F
:107D0000C2F20040FEF7B0FB18B1FFE7F8F734FD10
:107D1000FFE702B080BD000080B582B040F2642071
:107D2000C2F20040009041F20001C4F20101016082
:107D30004FF4E1314160002101918160C160016136
:107D40000C2242618161C161016241628162FEF780
:107D5000D7FF18B1FFE7F8F70FFDFFE740F2642007
:107D6000C2F200400021FEF713FC18B1FFE7F8F75C
:107D700003FDFFE740F26420C2F200400021FEF75D
:107D8000BFFB18B1FFE7F8F7F7FCFFE740F264200C
:107D9000C2F20040FEF768FB18B1FFE7F8F7ECFC11
:107DA000FFE702B080BD000080B582B040F2F8204D
:107DB000C2F20040019044F20041C4F200010160AF
:107DC0004FF4E131416000218160C16001610C220A
:107DD000426181614FF40042C2610162416281628D
:107DE000FEF78EFF18B1FFE7F8F7C6FCFFE740F299
:107DF000F820C2F200400021FEF7CAFB18B1FFE7ED
:107E0000F8F7BAFCFFE740F2F820C2F20040002188
:107E1000FEF776FB18B1FFE7F8F7AEFCFFE740F29C
:107E2000F820C2F20040FEF71FFB18B1FFE7F8F799
:107E3000A3FCFFE702B080BD80B582B040F28C3079
:107E4000C2F20040009044F60001C4F2000101605B
:107E50004FF416514160002101918160C1600161C0
:107E60000C2242618161C161016241628162FEF75F
:107E700047FF18B1FFE7F8F77FFCFFE740F28C30CF
:107E8000C2F200400021FEF783FB18B1FFE7F8F7CC
:107E900073FCFFE740F28C30C2F200400021FEF795
:107EA0002FFB18B1FFE7F8F767FCFFE740F28C30D3
:107EB000C2F20040FEF7D8FA18B1FFE7F8F75CFC11
:107EC000FFE702B080BD0000FFE7FEE70000000012
:107ED000FFE7FEE70000000088B0079006910592DA
:107EE000079800F0070004900498C0F107000528E7
:107EF00003D3FFE70420019004E00498C0F10700D9
:107F00000190FFE70198039004980430062803D8F5
:107F1000FFE70020009003E0049803380090FFE79B
:107F20000098029006980399012202FA01F10139A2
:107F30000840029B984005999A40013A1140084335
:107F400008B070470000000070470000000000000B
:107F500080B586B00490039100208DF8070044F2AC
:107F60002840C5F60200006800F00300032804D191
:107F7000FFE701208DF81700CBE044F20041C5F681
:107F80000201086820F080600860F9F7A5FE029001
:107F9000FFE744F20040C5F60200006800F000610F
:107FA0000020B0EBD16F0CD0FFE7F9F795FE0299F6
:107FB000401A032804D3FFE703208DF81700A8E038
:107FC000E7E7FFE744F22841C5F60201086820F41C
:107FD0007C30049A126840EA0230086004994868CC
:107FE000D1F808C0CB680A6901386FF35F204FF6FB
:107FF0000061CFF6FF7101EB4C2189B208440021EA
:10800000CFF6FF7101EB034101F4FE0108444FF08C
:108010007F4101EB026101F0FE41084444F2384126
:10802000C5F602010860FFE744F22C41C5F60201E3
:108030000091086820F0C000049A5269104308605B
:10804000086820F02000049A9269104308600868CC
:1080500020F01000086044F23C42C5F602021068AD
:108060004FF6F8739843049BDB6940EAC300106045
:10807000086840F010000860039848B9FFE744F230
:108080002C41C5F60201086840F40020086016E0A3
:108090000398012809D1FFE744F22C41C5F60201FB
:1080A000086840F48010086008E044F22C41C5F6EE
:1080B0000201086840F400100860FFE7FFE744F29F
:1080C0000041C5F60201086840F080600860F9F7D9
:1080D00003FE0290FFE744F20040C5F6020000688C
:1080E00000F000610020B0EBD16F0CD1FFE7F9F791
:1080F000F3FD0299401A032804D3FFE703208DF80B
:10810000170006E0E7E7FFE79DF807008DF8170086
:10811000FFE79DF8170006B080BD000000000000DA
:1081200080B586B00490039100208DF8070044F2DA
:108130002840C5F60200006800F00300032804D1BF
:10814000FFE701208DF81700CBE044F20041C5F6AF
:108150000201086820F080500860F9F7BDFD029028
:10816000FFE744F20040C5F60200006800F000514D
:108170000020B0EB517F0CD0FFE7F9F7ADFD02997D
:10818000401A032804D3FFE703208DF81700A8E066
:10819000E7E7FFE744F22841C5F60201086820F04E
:1081A0007C70049A126840EA02500860049948689A
:1081B000D1F808C0CB680A6901386FF35F204FF629
:1081C0000061CFF6FF7101EB4C2189B20844002118
:1081D000CFF6FF7101EB034101F4FE0108444FF0BB
:1081E0007F4101EB026101F0FE41084444F240414D
:1081F000C5F602010860FFE744F22C41C5F6020112
:108200000091086820F44060049A526910430860A5
:10821000086820F40070049A9269104308600868A6
:1082200020F48070086044F24442C5F602021068EF
:108230004FF6F8739843049BDB6940EAC300106073
:10824000086840F480700860039848B9FFE744F27A
:108250002C41C5F60201086840F48000086016E071
:108260000398012809D1FFE744F22C41C5F6020129
:10827000086840F40000086008E044F22C41C5F6AC
:108280000201086840F080700860FFE7FFE744F2F1
:108290000041C5F60201086840F080500860F9F717
:1082A0001BFD0290FFE744F20040C5F602000068A3
:1082B00000F000510020B0EB517F0CD1FFE7F9F73F
:1082C0000BFD0299401A032804D3FFE703208DF821
:1082D000170006E0E7E7FFE79DF807008DF81700B5
:1082E000FFE79DF8170006B080BD00000000000009
:1082F000704700000000000080B582B00090009838
:108300000138B0F1807F03D3FFE70120019019E02D
:10831000009801384EF21401CEF2000108604FF0CF
:10832000FF300F2102F008FB4EF21801CEF20001DF
:10833000002008604EF21002CEF200020721116008
:108340000190FFE7019802B080BD0000000000002E
:1083500080B5FAF7A9F980BD80B59EB00BA84C2175
:10836000F8F7DCF8002001900A9009900890079037
:1083700006900590049003900220FAF769FAFFE74F
:108380000020029040F22C40C5F60000016821F068
:1083900001010160006800F00100029044F618003D
:1083A000C5F602000168012262F38F3101600068A6
:1083B00000F4404002900298FFE7FFE744F61800FF
:1083C000C5F60200006800F40050B0F5005F01D06F
:1083D000FFE7F3E701200B904FF480300C90022070
:1083E00014901590169010211791189019901A90CA
:1083F0000C201B9000201C901D900BA8FCF7B8F9D6
:1084000018B1FFE7F8F7B8F9FFE73F200390032022
:1084100004900020059006900790402108914FF4A9
:10842000806109910A9003A80221FBF779FD18B138
:10843000FFE7F8F7A1F9FFE71EB080BD00000000DC
:1084400081B04EF68851CEF20001086840F4700009
:10845000086042F20000C5F20020006800F00F0042
:1084600006280AD8FFE742F20001C5F20021086899
:10847000072262F303000860FFE744F20041C5F6FB
:108480000201086840F00100086044F21042C5F69D
:1084900002020020106008684EF67F52CEF6F622E7
:1084A0001040086042F20000C5F20020006800F0B1
:1084B0000F0008280AD3FFE742F20001C5F20021AD
:1084C0000868072262F303000860FFE744F21841DE
:1084D000C5F6020100200090086044F21C41C5F678
:1084E0000201086044F22041C5F60201086044F22E
:1084F0002842C5F6020240F20021C0F202211160BA
:1085000044F22C42C5F602020021C0F2FF111160B4
:1085100044F23042C5F6020240F28021C0F201115D
:10852000116044F23442C5F60202106044F238424F
:10853000C5F60202116044F23C42C5F60202106028
:1085400044F24042C5F60202116044F24441C5F6CD
:108550000201086044F20042C5F60202116821F4EB
:108560008021116044F26041C5F60201086041F2C9
:108570000001C5F600410968B0EB517F07D1FFE764
:1085800048F20811C5F2001101200860FFE744F22B
:108590000001C5F2002143F2D200086001B070472B
:1085A00080B540F21820C2F20040FDF749FB80BDC3
:1085B00083B0029001910298006800900298002117
:1085C000C4F20101884225D0FFE70298B0F1804F44
:1085D00020D0FFE7029840F20041C4F20001884237
:1085E00018D0FFE7029840F60001C4F2000188426B
:1085F00010D0FFE7029840F60041C4F20001884223
:1086000008D0FFE7029840F20041C4F2010188421D
:108610000AD1FFE7009820F07000009001984168AF
:10862000009808430090FFE702980021C4F201017E
:1086300088423DD0FFE70298B0F1804F38D0FFE785
:10864000029840F20041C4F20001884230D0FFE7B6
:10865000029840F60001C4F20001884228D0FFE7EA
:10866000029840F60041C4F20001884220D0FFE7A2
:10867000029840F20041C4F20101884218D0FFE79D
:10868000029844F20001C4F20101884210D0FFE7D1
:10869000029844F20041C4F20101884208D0FFE789
:1086A000029844F60001C4F2010188420AD1FFE7B2
:1086B000009820F4407000900198C1680098084329
:1086C0000090FFE7009820F0800001994969084375
:1086D0000090009802990860019880680299C86229
:1086E000019800680299886202980021C4F2010191
:1086F000884220D0FFE7029840F20041C4F2010115
:10870000884218D0FFE7029844F20001C4F2010148
:10871000884210D0FFE7029844F20041C4F2010100
:10872000884208D0FFE7029844F60001C4F2010134
:10873000884205D1FFE70198006902990863FFE7C5
:1087400002990120486103B070470000000000005A
:1087500084B0039002910192029800F01F01012061
:1087600088400090009A0399086A90430862019833
:10877000029901F01F0100FA01F20399086A1043FF
:10878000086204B07047000085B004900391029223
:108790000193049880680090009820F47F40009036
:1087A00003980299019A41EA022101430098084383
:1087B000009000980499886005B0704700000000A0
:1087C00083B00290019102988068009000984FF663
:1087D0008F71CFF6CF71084000900198009908433F
:1087E00040F00700009000980299886003B070473D
:1087F00085B0049003910499086A20F00100086292
:108800000498006A01900498406800900498806978
:10881000029002984FF68F71CFF6FE7108400290D9
:10882000029820F003000290039801680298084320
:108830000290019820F0020001900398816801984D
:108840000843019004980021C4F20101884220D01D
:10885000FFE7049840F20041C4F20101884218D0B9
:10886000FFE7049844F20001C4F20101884210D0ED
:10887000FFE7049844F20041C4F20101884208D0A5
:10888000FFE7049844F60001C4F2010188420ED1CA
:10889000FFE7019820F0080001900398C168019853
:1088A00008430190019820F004000190FFE704982C
:1088B0000021C4F20101884220D0FFE7049840F271
:1088C0000041C4F20101884218D0FFE7049844F245
:1088D0000001C4F20101884210D0FFE7049844F27D
:1088E0000041C4F20101884208D0FFE7049844F631
:1088F0000001C4F20101884213D1FFE7009820F47F
:1089000080700090009820F40070009003984169F6
:1089100000980843009003988169009808430090EC
:10892000FFE70098049948600298049988610398C9
:1089300040680499486301980499086205B070473B
:1089400085B0049003910499086A20F01000086231
:108950000498006A01900498406800900498806927
:108960000290029848F6FF71CFF6FF61084002902E
:10897000029820F44070029003980168029840EA3F
:1089800001200290019820F0200001900398816856
:10899000019840EA0110019004980021C4F20101FD
:1089A000884229D0FFE7049840F20041C4F2010157
:1089B000884221D0FFE7049844F20001C4F201018B
:1089C000884203D1FFE70020B0B9FFE7049844F2E2
:1089D0000041C4F20101884203D1FFE7002058B9E9
:1089E000FFE7049844F60001C4F20101884212D165
:1089F000FFE7012078B9FFE7019820F0800001909F
:108A00000398C168019840EA01100190019820F094
:108A100040000190FFE704980021C4F20101884260
:108A200020D0FFE7049840F20041C4F201018842DF
:108A300018D0FFE7049844F20001C4F20101884213
:108A400010D0FFE7049844F20041C4F201018842CB
:108A500008D0FFE7049844F60001C4F201018842FF
:108A600015D1FFE7009820F480600090009820F472
:108A70000060009003984169009840EA81000090EE
:108A800003988169009840EA81000090FFE7009810
:108A90000499486002980499886103984068049991
:108AA000886301980499086205B0704700000000CF
:108AB00085B0049003910499086A20F480700862DC
:108AC0000498006A01900498406800900498C06976
:108AD000029002984FF68F71CFF6FE710840029017
:108AE000029820F00300029003980168029808435E
:108AF0000290019820F40070019003988168019819
:108B000040EA0120019004980021C4F2010188424A
:108B100029D0FFE7049840F20041C4F201018842E5
:108B200021D0FFE7049844F20001C4F20101884219
:108B300003D1FFE70020B0B9FFE7049844F20041F9
:108B4000C4F20101884203D1FFE7002058B9FFE7D2
:108B5000049844F60001C4F20101884212D1FFE7F3
:108B6000012078B9FFE7019820F400600190039894
:108B7000C168019840EA01200190019820F48060CA
:108B80000190FFE704980021C4F20101884220D03F
:108B9000FFE7049840F20041C4F20101884218D076
:108BA000FFE7049844F20001C4F20101884210D0AA
:108BB000FFE7049844F20041C4F20101884208D062
:108BC000FFE7049844F60001C4F20101884215D180
:108BD000FFE7009820F480500090009820F40050A7
:108BE000009003984169009840EA011000900398B2
:108BF0008169009840EA01100090FFE7009804990D
:108C0000486002980499C861039840680499C86351
:108C100001980499086205B0704700000000000048
:108C200085B0049003910499086A20F4805008628A
:108C30000498006A01900498406800900498C06904
:108C40000290029848F6FF71CFF6FF61084002904B
:108C5000029820F44070029003980168029840EA5C
:108C600001200290019820F400500190039881683F
:108C7000019840EA0130019004980021C4F20101FA
:108C8000884220D0FFE7049840F20041C4F201017D
:108C9000884218D0FFE7049844F20001C4F20101B1
:108CA000884210D0FFE7049844F20041C4F2010169
:108CB000884208D0FFE7049844F60001C4F201019D
:108CC00088420BD1FFE7009820F480400090039881
:108CD0004169009840EA81100090FFE700980499EC
:108CE000486002980499C861039840680499086430
:108CF00001980499086205B0704700000000000068
:108D000085B0049003910499086A20F480300862C9
:108D10000498006A01900498406800900498406D9F
:108D2000029002984FF68F71CFF6FE7108400290C4
:108D300003980168029808430290019820F40030DB
:108D4000019003988168019840EA014001900498DD
:108D50000021C4F20101884220D0FFE7049840F2CC
:108D60000041C4F20101884218D0FFE7049844F2A0
:108D70000001C4F20101884210D0FFE7049844F2D8
:108D80000041C4F20101884208D0FFE7049844F68C
:108D90000001C4F2010188420BD1FFE7009820F4E2
:108DA0008030009003984169009840EA01200090CB
:108DB000FFE7009804994860029804994865039871
:108DC00040680499886501980499086205B0704765
:108DD00085B0049003910499086A20F48010086219
:108DE0000498006A01900498406800900498406DCF
:108DF0000290029848F6FF71CFF6FF61084002909A
:108E000003980168029840EA01200290019820F43A
:108E10000010019003988168019840EA0150019088
:108E200004980021C4F20101884220D0FFE7049891
:108E300040F20041C4F20101884218D0FFE70498D3
:108E400044F20001C4F20101884210D0FFE7049807
:108E500044F20041C4F20101884208D0FFE70498BF
:108E600044F60001C4F2010188420BD1FFE70098EB
:108E700020F48020009003984169009840EA812006
:108E80000090FFE7009804994860029804994865AB
:108E9000039840680499C86501980499086205B070
:108EA000704700000000000085B00490039102921A
:108EB0000498006A00900499086A20F00100086292
:108EC000049880690190019820F0F00001900299C7
:108ED000019840EA01100190009820F00A000090EB
:108EE00003990098084300900198049988610098BC
:108EF0000499086205B0704785B00490039102920E
:108F00000499086A20F010000862049880690190B2
:108F10000498006A0090019820F470400190029932
:108F2000019840EA01300190009820F0A0000090E4
:108F30000399009840EA0110009001980499886113
:108F400000980499086205B0704700000000000016
:108F500082B001900198406E40B9FFE7019901206D
:108F6000A1F86A000199A1F8680032E010208DF89C
:108F700003008DF80200019800688068C0F3426029
:108F80008DF80100019800688068400F8DF800009E
:108F90009DF802009DF800204DF24E33C0F600030C
:108FA000995C48434DF24631C0F600018A5CB0FB43
:108FB000F2F0019AA2F86A009DF803009DF80120E2
:108FC0009B5C5843895CB0FBF1F00199A1F8680003
:108FD000FFE702B07047000081B00090009890F861
:108FE0002800C00758B1FFE700980068406820F4E7
:108FF0000030009A1168D26A10434860FFE7009879
:1090000090F82800800700280BD5FFE7009800683B
:10901000406820F48030009A1168126B1043486059
:10902000FFE7009890F82800400700280BD5FFE7DD
:1090300000980068406820F48020009A1168526B04
:1090400010434860FFE7009890F8280000070028C8
:109050000BD5FFE700980068406820F40040009AB4
:109060001168926B10434860FFE7009890F8280061
:10907000C00600280BD5FFE700980068806820F440
:109080008050009A1168D26B10438860FFE7009807
:1090900090F82800800600280BD5FFE700980068AC
:1090A000806820F40050009A1168126C10438860A8
:1090B000FFE7009890F82800400600281CD5FFE73D
:1090C00000980068406820F48010009A1168526C83
:1090D000104348600098406CB0F5801F0BD1FFE74B
:1090E00000980068406820F4C000009A1168926CF3
:1090F00010434860FFE7FFE7009890F8280000065B
:1091000000280BD5FFE700980068406820F4002095
:10911000009A1168D26C10434860FFE701B07047B5
:1091200080B588B0069006990020C1F89000F8F745
:10913000D3FD0590069800680068000700282FD529
:10914000FFE70698059B6A466FF07E4111604FF479
:109150000011002201F044FB08B3FFE7FFE7FFE73F
:109160000698006850E8000F20F080000490FFE7A8
:1091700004990698026842E800100028F0D1FFE741
:10918000FFE706992020C1F88800FFE70699002034
:1091900081F88400FFE703208DF81F005FE0FFE700
:1091A0000698006800684007002842D5FFE7069847
:1091B000059B6A466FF07E4111604FF480010022EA
:1091C00001F00EFBA0B3FFE7FFE7FFE7069800689A
:1091D00050E8000F20F490700390FFE70399069881
:1091E000026842E800100028F0D1FFE7FFE7FFE740
:1091F000FFE70698006850E8020F20F00100029097
:10920000FFE702990698026842E802100028F0D1B0
:10921000FFE7FFE706992020C1F88C00FFE70699D9
:10922000002081F88400FFE703208DF81F0016E07E
:10923000FFE706992020C1F888000699C1F88C0044
:1092400006990020C86606990867FFE7069900207E
:1092500081F88400FFE700208DF81F00FFE79DF8EC
:109260001F0008B080BD000080B582B00190019859
:10927000806B009000990020A1F85E000099A1F891
:1092800056000098FDF7D4F902B080BD0000000040
:1092900084B00390FFE7FFE70398006850E8000FF1
:1092A00020F490700290FFE702990398026842E868
:1092B00000100028F0D1FFE7FFE7FFE7FFE7039882
:1092C000006850E8020F4FF6FE71CEF6FF710840BD
:1092D0000190FFE701990398026842E80210002814
:1092E000EDD1FFE7FFE70398C06E012814D1FFE737
:1092F000FFE7FFE70398006850E8000F20F0100038
:109300000090FFE700990398026842E800100028E7
:10931000F0D1FFE7FFE7FFE703992020C1F88C00B9
:1093200003990020C8660399486704B0704700009D
:1093300080B582B00190FFE7FFE70198006850E830
:10934000000F20F040000090FFE7009901980268AC
:1093500042E800100028F0D1FFE7FFE70199202044
:10936000C1F888000199002088670198FDF7B8FED0
:1093700002B080BD0000000080B588B0079007985B
:10938000B0F86000ADF816000798D0F88C002228DD
:1093900040F0AB80FFE707980068406AADF8140022
:1093A0000798806D0690BDF81400BDF816100840AF
:1093B000069908800799886D023088650799B1F889
:1093C0005E000138A1F85E000798B0F85E00002842
:1093D00040F08A80FFE7FFE7FFE70798006850E862
:1093E000000F20F490700490FFE70499079802683A
:1093F00042E800100028F0D1FFE7FFE7FFE7FFE7B2
:109400000798006850E8020F20F001000390FFE782
:1094100003990798026842E802100028F0D1FFE79C
:10942000FFE707992020C1F88C00079900204867C2
:10943000079908670798006840F60041C5F60001E3
:1094400088421CD0FFE707980068406800020028A7
:1094500014D5FFE7FFE7FFE70798006850E8000F23
:1094600020F080600290FFE702990798026842E8C6
:1094700000100028F0D1FFE7FFE7FFE7FFE70798BC
:10948000C06E01282BD1FFE707990020C866FFE7CF
:10949000FFE70798006850E8000F20F010000190E7
:1094A000FFE701990798026842E800100028F0D110
:1094B000FFE7FFE707980068C06900F0100101208E
:1094C000B0EB111F05D1FFE7079801681020086273
:1094D000FFE70798B0F85C10FDF706F803E007987F
:1094E000FDF7EAFDFFE7FFE706E0079801688869F6
:1094F00040F008008861FFE708B080BD0000000070
:1095000080B58EB00D900D98B0F86000ADF82E00CB
:109510000D980068C06909900D980068006808906F
:109520000D980068806807900D98D0F88C0022286C
:1095300040F06181FFE70D98B0F86800ADF82A00AF
:10954000FFE7BDF82A100020009031B1FFE79DF839
:109550002400C0F340100090FFE70098C0070028E7
:1095600000F00A81FFE70D980068406AADF82C0012
:109570000D98806D0C90BDF82C00BDF82E100840A1
:109580000C9908800D99886D023088650D99B1F8A5
:109590005E000138A1F85E000D980068C06909906E
:1095A0009DF824004007002852D0FFE79DF82400D2
:1095B000C00788B1FFE79DF82100C00760B1FFE751
:1095C0000D980168012008620D99D1F8900040F0D3
:1095D0000100C1F89000FFE79DF8240080070028F3
:1095E00011D5FFE79DF81C00C00760B1FFE70D989B
:1095F0000168022008620D99D1F8900040F0040043
:10960000C1F89000FFE79DF824004007002811D51D
:10961000FFE79DF81C00C00760B1FFE70D980168E7
:10962000042008620D99D1F8900040F00200C1F8C2
:109630009000FFE70D98D0F8900040B1FFE70D983B
:10964000FCF7F6FF0D990020C1F89000FFE7FFE757
:109650000D98B0F85E00002840F08D80FFE7FFE72E
:10966000FFE70D98006850E8000F20F48070069026
:10967000FFE706990D98026842E800100028F0D133
:10968000FFE7FFE7FFE7FFE70D98006850E8020FEC
:109690004FF6FE71CEF6FF7108400590FFE7059981
:1096A0000D98026842E802100028EDD1FFE7FFE7BD
:1096B0000D992020C1F88C000D99002048670D9964
:1096C00008670D98006840F60041C5F60001884221
:1096D0001CD0FFE70D98006840680002002814D5F0
:1096E000FFE7FFE7FFE70D98006850E8000F20F064
:1096F00080600490FFE704990D98026842E800102A
:109700000028F0D1FFE7FFE7FFE7FFE70D98C06E05
:1097100001282BD1FFE70D990020C866FFE7FFE77E
:109720000D98006850E8000F20F010000390FFE74C
:1097300003990D98026842E800100028F0D1FFE775
:10974000FFE70D980068C06900F010010120B0EB40
:10975000111F05D1FFE70D98016810200862FFE78F
:109760000D98B0F85C10FCF7BFFE03E00D98FDF714
:10977000A3FCFFE7FFE7E4E60D98B0F85E00ADF864
:109780002800BDF82800A8B3FFE7BDF828000D9910
:10979000B1F8681088422DDAFFE7FFE7FFE70D9880
:1097A000006850E8020F20F080500290FFE7029915
:1097B0000D98026842E802100028F0D1FFE7FFE7A9
:1097C0000D9949F27930C0F600004867FFE7FFE7DE
:1097D0000D98006850E8000F40F020000190FFE76E
:1097E00001990D98026842E800100028F0D1FFE7C7
:1097F000FFE7FFE706E00D980168886940F0080080
:109800008861FFE70EB080BD80B586B005900598F1
:10981000B0F86000ADF812000598D0F88C0022284E
:1098200040F0A980FFE705980068406AADF8100095
:10983000BDF810009DF8121008400599896D087058
:109840000599886D013088650599B1F85E00013889
:10985000A1F85E000598B0F85E00002840F08A800C
:10986000FFE7FFE7FFE70598006850E8000F20F4E6
:1098700090700390FFE703990598026842E8001092
:109880000028F0D1FFE7FFE7FFE7FFE70598006852
:1098900050E8020F20F001000290FFE702990598BE
:1098A000026842E802100028F0D1FFE7FFE70599BF
:1098B0002020C1F88C0005990020486705990867A9
:1098C0000598006840F60041C5F6000188421CD0AA
:1098D000FFE70598006840680002002814D5FFE7FC
:1098E000FFE7FFE70598006850E8000F20F0806070
:1098F0000190FFE701990598026842E800100028EE
:10990000F0D1FFE7FFE7FFE7FFE70598C06E01280A
:109910002BD1FFE705990020C866FFE7FFE7059810
:10992000006850E8000F20F010000090FFE7009959
:109930000598026842E800100028F0D1FFE7FFE731
:1099400005980068C06900F010010120B0EB111FFC
:1099500005D1FFE70598016810200862FFE7059828
:10996000B0F85C10FCF7C0FD03E00598FDF7A4FB20
:10997000FFE7FFE706E005980168886940F0080006
:109980008861FFE706B080BD80B58EB00D900D9860
:10999000B0F86000ADF832000D980068C0690A9018
:1099A0000D980068006809900D980068806808901C
:1099B0000D98D0F88C00222840F05F81FFE70D98C9
:1099C000B0F86800ADF82E00FFE7BDF82E100020BB
:1099D000019031B1FFE79DF82800C0F340100190DD
:1099E000FFE70198C007002800F00881FFE70D9805
:1099F0000068406AADF83000BDF830009DF83210C4
:109A000008400D99896D08700D99886D0130886541
:109A10000D99B1F85E000138A1F85E000D9800685C
:109A2000C0690A909DF828004007002852D0FFE73F
:109A30009DF82800C00788B1FFE79DF82500C00702
:109A400060B1FFE70D980168012008620D99D1F817
:109A5000900040F00100C1F89000FFE79DF8280059
:109A60008007002811D5FFE79DF82000C00760B1EE
:109A7000FFE70D980168022008620D99D1F8900067
:109A800040F00400C1F89000FFE79DF8280040076F
:109A9000002811D5FFE79DF82000C00760B1FFE75F
:109AA0000D980168042008620D99D1F8900040F0EB
:109AB0000200C1F89000FFE70D98D0F8900040B187
:109AC000FFE70D98FCF7B4FD0D990020C1F8900058
:109AD000FFE7FFE70D98B0F85E00002840F08D80AA
:109AE000FFE7FFE7FFE70D98006850E8000F20F45C
:109AF00080700790FFE707990D98026842E8001010
:109B00000028F0D1FFE7FFE7FFE7FFE70D980068C7
:109B100050E8020F4FF6FE71CEF6FF710840069036
:109B2000FFE706990D98026842E802100028EDD17F
:109B3000FFE7FFE70D992020C1F88C000D99002068
:109B400048670D9908670D98006840F60041C5F612
:109B5000000188421CD0FFE70D98006840680002B1
:109B6000002814D5FFE7FFE7FFE70D98006850E8ED
:109B7000000F20F080600590FFE705990D980268BE
:109B800042E800100028F0D1FFE7FFE7FFE7FFE71A
:109B90000D98C06E01282BD1FFE70D990020C866F3
:109BA000FFE7FFE70D98006850E8000F20F0100075
:109BB0000490FFE704990D98026842E8001000281D
:109BC000F0D1FFE7FFE70D980068C06900F01001D1
:109BD0000120B0EB111F05D1FFE70D98016810209F
:109BE0000862FFE70D98B0F85C10FCF77DFC03E01D
:109BF0000D98FDF761FAFFE7FFE7E6E60D98B0F88C
:109C00005E00ADF82C00BDF82C00A8B3FFE7BDF84E
:109C10002C000D99B1F8681088422DDAFFE7FFE7B4
:109C2000FFE70D98006850E8020F20F08050039085
:109C3000FFE703990D98026842E802100028F0D16E
:109C4000FFE7FFE70D9949F60900C0F600004867F5
:109C5000FFE7FFE70D98006850E8000F40F0200094
:109C60000290FFE702990D98026842E80010002870
:109C7000F0D1FFE7FFE7FFE706E00D98016888698C
:109C800040F008008861FFE70EB080BD00000000D2
:109C900080B59CB01B9000208DF85F001B98006879
:109CA00040F60041C5F60001884201D1FFE700E01F
:109CB000FFE71B9988680B694A69C9691843104313
:109CC00008431A901B980068006846F6F311CCF61A
:109CD000FF7108401A9908431B99096808601B988E
:109CE0000068406820F440501B9A1168D268104305
:109CF00048601B9880691A901B98006840F60041E4
:109D0000C5F60001884206D0FFE71B98016A1A9841
:109D100008431A90FFE71B98006880684FF2FF41E4
:109D2000C1F2FF1108401A9908431B99096888601D
:109D30001B980068C06A20F00F001B9A1168526AD5
:109D40001043C862FFE71B98006841F20001C4F2AB
:109D50000101884240F04180FFE744F25440C5F6DB
:109D60000200006800F0380001460E9128282FD824
:109D70000E99DFE801F0152D2D2D2D2D2D2D192DEE
:109D80002D2D2D2D2D2D1D2D2D2D2D2D2D2D212D1F
:109D90002D2D2D2D2D2D252D2D2D2D2D2D2D29002C
:109DA00001208DF8650017E004208DF8650013E0B0
:109DB00008208DF865000FE010208DF865000BE09D
:109DC00020208DF8650007E040208DF8650003E055
:109DD00080208DF86500FFE7D6E11B98006844F20B
:109DE0000041C4F2000188422ED1FFE744F2544002
:109DF000C5F60200006800F0070001460D91052835
:109E00001DD80D99DFE801F003070B0F1317002091
:109E10008DF8650017E004208DF8650013E0082038
:109E20008DF865000FE010208DF865000BE0202014
:109E30008DF8650007E040208DF8650003E0802084
:109E40008DF86500FFE79EE11B98006844F600016D
:109E5000C4F2000188422ED1FFE744F25440C5F617
:109E60000200006800F0070001460C9105281DD88B
:109E70000C99DFE801F003070B0F131700208DF892
:109E8000650017E004208DF8650013E008208DF8C8
:109E900065000FE010208DF865000BE020208DF8A4
:109EA000650007E040208DF8650003E080208DF814
:109EB0006500FFE766E11B98006844F60041C4F2C4
:109EC000000188422ED1FFE744F25440C5F602005B
:109ED000006800F0070001460B9105281DD80B997A
:109EE000DFE801F003070B0F131700208DF8650062
:109EF00017E004208DF8650013E008208DF8650058
:109F00000FE010208DF865000BE020208DF8650033
:109F100007E040208DF8650003E080208DF86500A3
:109F2000FFE72EE11B98006845F20001C4F2000132
:109F300088422ED1FFE744F25440C5F60200006883
:109F400000F0070001460A9105281DD80A99DFE8AC
:109F500001F003070B0F131700208DF8650017E0C1
:109F600004208DF8650013E008208DF865000FE0EF
:109F700010208DF865000BE020208DF8650007E0CB
:109F800040208DF8650003E080208DF86500FFE734
:109F9000F6E01B98006841F20041C4F201018842DA
:109FA00040F04180FFE744F25440C5F602000068EB
:109FB00000F038000146099128282FD80999DFE8D8
:109FC00001F0152D2D2D2D2D2D2D192D2D2D2D2D56
:109FD0002D2D1D2D2D2D2D2D2D2D212D2D2D2D2DCD
:109FE0002D2D252D2D2D2D2D2D2D290001208DF8E8
:109FF000650017E004208DF8650013E008208DF857
:10A0000065000FE010208DF865000BE020208DF832
:10A01000650007E040208DF8650003E080208DF8A2
:10A020006500FFE7ABE01B98006847F60001C4F24B
:10A03000000188422ED1FFE744F25440C5F60200E9
:10A04000006800F007000146089105281DD808990E
:10A05000DFE801F003070B0F131700208DF86500F0
:10A0600017E004208DF8650013E008208DF86500E6
:10A070000FE010208DF865000BE020208DF86500C2
:10A0800007E040208DF8650003E080208DF8650032
:10A09000FFE773E01B98006847F60041C4F2000137
:10A0A00088422ED1FFE744F25440C5F60200006812
:10A0B00000F007000146079105281DD80799DFE841
:10A0C00001F003070B0F131700208DF8650017E050
:10A0D00004208DF8650013E008208DF865000FE07E
:10A0E00010208DF865000BE020208DF8650007E05A
:10A0F00040208DF8650003E080208DF86500FFE7C3
:10A100003BE01B98006840F60041C5F6000188421C
:10A110002ED1FFE744F25840C5F60200006800F077
:10A1200007000146069105281DD80699DFE801F0D1
:10A1300003070B0F131702208DF8650017E00420AA
:10A140008DF8650013E008208DF865000FE0102001
:10A150008DF865000BE020208DF8650007E04020B9
:10A160008DF8650003E080208DF86500FFE703E0CF
:10A1700080208DF86500FFE7FFE7FFE7FFE7FFE7D7
:10A18000FFE7FFE7FFE7FFE7FFE71B98006840F600
:10A190000041C5F60001884240F0B480FFE79DF819
:10A1A000650001460591022814D0FFE705980428B0
:10A1B00014D0FFE70598082816D0FFE70598102867
:10A1C00018D0FFE70598202835D0FFE705984028EC
:10A1D00037D03AE0F8F790FB0F903CE013A8F8F77F
:10A1E0009FFB14980F9036E010A8F8F7F1FC119837
:10A1F0000F9030E044F20040C5F60200006800F025
:10A2000020010020B0EB511F0ED0FFE744F20040C8
:10A21000C5F602000068C0F3C10149F20000C0F2B7
:10A22000D030C8400F9005E049F20000C0F2D030B5
:10A230000F90FFE70FE040F60010C0F23D000F90D6
:10A2400009E04FF400400F9005E000200F9001203E
:10A250008DF85F00FFE70F98002852D0FFE70F98B6
:10A260001B994A6A4DF25631C0F6000131F81210BE
:10A27000B0FBF1F0169016981B99496801EB41016B
:10A28000884207D3FFE716981B994968B0EB013F56
:10A2900004D9FFE701208DF85F0031E00F981B998A
:10A2A0004A6803924A6A4DF25631C0F6000131F80D
:10A2B0001220002304931946F6F7B8F8039A049B7A
:10A2C000090241EA1061000210EB520041F1000165
:10A2D000F6F7ACF818901898B0F5407F0BD3FFE76D
:10A2E00018990020B0EB115F05D1FFE718981B9972
:10A2F0000968C86003E001208DF85F00FFE7FFE711
:10A30000FFE746E11B98C069B0F5004F40F0A88018
:10A31000FFE79DF8650001460291402800F2638046
:10A320000299DFE801F021256060296060602F60FC
:10A330006060606060603560606060606060606048
:10A340006060606060605660606060606060606017
:10A3500060606060606060606060606060606060FD
:10A360006060606060605C00FAF752F80F9040E057
:10A37000FAF762F80F903CE013A8F8F7D1FA1498B6
:10A380000F9036E010A8F8F723FC11980F9030E0FA
:10A3900044F20040C5F60200006800F020010020F1
:10A3A000B0EB511F0ED0FFE744F20040C5F60200AB
:10A3B0000068C0F3C10149F20000C0F2D030C840CB
:10A3C0000F9005E049F20000C0F2D0300F90FFE797
:10A3D0000FE040F60010C0F23D000F9009E04FF48E
:10A3E00000400F9005E000200F9001208DF85F00E5
:10A3F000FFE70F9898B3FFE70F981B9A5168536ACD
:10A400004DF25632C0F6000232F81320B0FBF2F0E3
:10A41000400000EB5100B0FBF1F0189018981028A4
:10A4200018D3FFE7BDF86200A0B9FFE7189820F045
:10A430000F00ADF86600189800F00E01BDF8660038
:10A4400040EA5100ADF86600BDF866001B99096846
:10A45000C86003E001208DF85F00FFE7FFE797E0A9
:10A460009DF8650001460191402800F26380019942
:10A47000DFE801F021256060296060602F60606086
:10A4800060606060356060606060606060606060F7
:10A4900060606060566060606060606060606060C6
:10A4A00060606060606060606060606060606060AC
:10A4B000606060605C00F9F7ABFF0F9040E0F9F777
:10A4C000BBFF0F903CE013A8F8F72AFA14980F90FE
:10A4D00036E010A8F8F77CFB11980F9030E044F2BA
:10A4E0000040C5F60200006800F020010020B0EB3B
:10A4F000511F0ED0FFE744F20040C5F6020000688D
:10A50000C0F3C10149F20000C0F2D030C8400F9042
:10A5100005E049F20000C0F2D0300F90FFE70FE0F5
:10A5200040F60010C0F23D000F9009E04FF40040EB
:10A530000F9005E000200F9001208DF85F00FFE7ED
:10A540000F9820B3FFE70F981B9A5168536A4DF29A
:10A550005632C0F6000232F81320B0FBF2F000EBE6
:10A560005100B0FBF1F01890189810280AD3FFE7BB
:10A57000BDF8620030B9FFE7BDF860001B990968BB
:10A58000C86003E001208DF85F00FFE7FFE7FFE709
:10A59000FFE71B990120A1F86A001B99A1F8680048
:10A5A0001B99002048671B9988679DF85F001CB0C5
:10A5B00080BD00000000000088B007900691ADF853
:10A5C0001620069807998865BDF816000799A1F826
:10A5D0005C00BDF816000799A1F85E0007990020FD
:10A5E0004867FFE707988068B0F5805F10D1FFE704
:10A5F0000798006930B9FFE7079940F2FF10A1F80A
:10A60000600004E00799FF20A1F86000FFE72EE05A
:10A610000798806878B9FFE70798006928B9FFE7CD
:10A620000799FF20A1F8600004E007997F20A1F8B6
:10A630006000FFE71AE007988068B0F1805F0FD1F3
:10A64000FFE70798006928B9FFE707997F20A1F87D
:10A65000600004E007993F20A1F86000FFE704E0F4
:10A6600007990020A1F86000FFE7FFE7FFE7FFE799
:10A6700007990020C1F8900007992220C1F88C00AA
:10A68000FFE7FFE70798006850E8020F40F001007D
:10A690000490FFE704990798026842E80210002836
:10A6A000F0D1FFE7FFE70798406EB0F1005F4CD1B3
:10A6B000FFE7BDF816000799B1F86810884244DB3F
:10A6C000FFE707988068B0F5805F0BD1FFE7079838
:10A6D000006938B9FFE7079949F20150C0F6000058
:10A6E000486706E0079949F68910C0F600004867F8
:10A6F000FFE707980069A0B1FFE7FFE7FFE70798CA
:10A70000006850E8000F40F480700390FFE7039961
:10A710000798026842E800100028F0D1FFE7FFE741
:10A72000FFE7FFE7FFE70798006850E8020F40F0F7
:10A7300080500290FFE702990798026842E80210F1
:10A740000028F0D1FFE7FFE744E007988068B0F504
:10A75000805F0BD1FFE70798006938B9FFE70799D9
:10A7600049F27930C0F60000486706E0079949F6DB
:10A770000900C0F600004867FFE707980069A0B12C
:10A78000FFE7FFE7FFE70798006850E8000F40F495
:10A7900090700190FFE701990798026842E8001065
:10A7A0000028F0D1FFE7FFE713E0FFE7FFE7079896
:10A7B000006850E8000F40F020000090FFE700998B
:10A7C0000798026842E800100028F0D1FFE7FFE791
:10A7D000FFE7FFE7002008B070470000000000001E
:10A7E00080B586B0DDF820C0049003918DF80B2071
:10A7F0000193FFE704980068C06903990840401A74
:10A80000B0FA80F040099DF80B1088425ED1FFE756
:10A8100008980130002858D0FFE7F7F75DFA019952
:10A82000401A0899884203D8FFE7089820B9FFE743
:10A8300003208DF817004DE0049800680068400779
:10A84000002841D5FFE704980068C06900F00801BE
:10A850000120B0EBD10F16D1FFE704980168082062
:10A86000009008620498FEF713FD00980499C1F85F
:10A870009000FFE70499002081F88400FFE70120A1
:10A880008DF8170026E004980068C06900F40061A4
:10A890000120B0EBD12F16D1FFE7049801684FF4E7
:10A8A000006008620498FEF7F3FC04992020C1F8C8
:10A8B0009000FFE70499002081F88400FFE703205F
:10A8C0008DF8170006E0FFE7FFE793E700208DF81B
:10A8D0001700FFE79DF8170006B080BD00000000DC
:10A8E00080B540F28C30C2F20040FBF7A5FE80BD7F
:10A8F000FFE7FEE70000000081B0ADF80200BDF9FF
:10A90000020000280ED4FFE7BDF9021001F01F027B
:10A91000012090404A094EF20011CEF2000141F8A8
:10A920002200FFE701B070474EF60C50CEF2000057
:10A930000068C0F30220704782B0ADF806000091B5
:10A94000BDF9060000280AD4FFE700980001BDF910
:10A9500006104EF20042CEF2000288540BE000983E
:10A960000001BDF8061001F00F014EF61452CEF2B0
:10A9700000028854FFE702B07047000000000000AA
:10A9800083B00290029800F0070000904EF60C5140
:10A99000CEF200010868019001984FF6FF021040C6
:10A9A00001900198009A40EA02200022C0F2FA5277
:10A9B000104301900198086003B070470000000048
:10A9C00082B000900098002804DCFFE70098404225
:10A9D000019002E000980190FFE7019802B07047F3
:10A9E00082B0ADF80600BDF90600002804D4FFE7E8
:10A9F000BDF90600009004E0BDF906004042009059
:10AA0000FFE7009800B202B07047000000000000AD
:10AA100081B0ADF80000BDF9000020B1FFE70120D2
:10AA20008DF8030003E000208DF80300FFE79DF997
:10AA3000030001B07047000080B584B08DF80F00AE
:10AA4000FFE700F09DFA08B1FFE7FAE740F60040A3
:10AA5000C5F602000190102102910022F7F71CF9BF
:10AA60006420F6F711FF019802990122F7F714F913
:10AA70009DF80F0002280ADBFFE76420F6F704FFC9
:10AA80009DF80F000138C0B2FFF7D6FFFFE704B012
:10AA900080BD00000000000080B501F0CDFC02F098
:10AAA000FBFA40F21820C2F20040FAF765FD80BDC3
:10AAB00080B582B0FFE740F20900C2F200400078A2
:10AAC0000146019120283AD80199DFE801F01114DC
:10AAD000171A1D202326292C2F32353838383838BC
:10AAE00038383814171A1D202326292C2F32350008
:10AAF00000F05AFA24E000F0E7FA21E000F094FDBB
:10AB00001EE000F045FE1BE000F0F2FE18E000F051
:10AB1000A3FF15E001F054F812E001F0E9F80FE0AE
:10AB200001F082F90CE001F037FA09E000F074FB63
:10AB300006E000F029FC03E000F0DEFC00E0BAE7EC
:10AB400040F20901C2F20041FF200870B3E70000A3
:10AB500080B584B00020019001F02EFC404240F20C
:10AB60006D51C2F200410870012001F025FC40F255
:10AB70007C51C2F200410870022001F01DFC014628
:10AB8000019840F29002C2F20042117040F26E5100
:10AB9000C2F200410291087040F27D51C2F20041C0
:10ABA0000391087002F0D0F802F0BEF901F018FB32
:10ABB00002F002F800F000F901F026FE0298039975
:10ABC00090F9000091F9001040F29102C2F20042A7
:10ABD00092F9002001F0D8FC04B080BD0000000014
:10ABE00080B584B0ADF80E00BDF80E000290FFE70E
:10ABF000029801280DDBFFE74FF4FA700190F6F799
:10AC000043FE0198F6F740FEFFE7029801380290F4
:10AC1000EEE704B080BD000080B582B001F074FAA8
:10AC20008DF8070000208DF8060000909DF80700C1
:10AC300000F00100FFF7ECFE4FF41671484300EE00
:10AC4000100AB8EEC01A9DED000A30EE010A8DED33
:10AC5000000A9DF8070000F00200FFF7D9FE64210A
:10AC6000484300EE100AB8EEC01A9DED000A30EE1F
:10AC7000010A8DED000A9DF8070000F00400FFF7BF
:10AC8000C7FE00EB8000400000EE100AB8EEC01ACC
:10AC90009DED000A30EE010A8DED000A9DF80700D7
:10ACA00000F00800FFF7B4FE00EB800000EE100A91
:10ACB000B8EEC01A9DED000A30EE010A8DED000AD3
:10ACC0009DF8070000F01000FFF7A2FE00EB8000E7
:10ACD000404200EE100AB8EEC01A9DED000A30EEB8
:10ACE000010A8DED000A9DF8070000F02000FFF733
:10ACF0008FFE00EB80004042400000EE100AB8EEEC
:10AD0000C01A9DED000A30EE010A8DED000A9DF893
:10AD1000070000F04000FFF77BFE6FF0630148433F
:10AD200000EE100AB8EEC01A9DED000A30EE010ADE
:10AD30008DED000A9DF8070000F08000FFF768FE27
:10AD40004FF6A851CFF6FF71484300EE100AB8EE57
:10AD5000C01A9DED000A30EE010A8DED000AFFE7F2
:10AD60009DF8070088B1FFE79DF80700C00730B1E4
:10AD7000FFE79DF8060001308DF80600FFE79DF81B
:10AD8000070040088DF80700EAE79DF9060020B9A2
:10AD9000FFE701208DF80600FFE79DED000A9DF911
:10ADA000060001EE100AB8EEC11A80EE010A02B0E8
:10ADB00080BD00000000000080B584B003A80190B1
:10ADC00040F28800C2F200400078012833D1FFE74A
:10ADD00040F29250C2F20040007818B9FFE701F04B
:10ADE000C7FE29E0FFF718FF019981ED000A40F244
:10ADF0008C00C2F20040006891ED000ADFED0F0AFE
:10AE000001F036FEBDEEC00A10EE100A8DF80B0000
:10AE10009DF80B2040F26E51C2F200410878801A72
:10AE200008709DF80B2040F27D51C2F20041087875
:10AE300010440870FFE7FFE704B080BD0000000089
:10AE400082B001900020009001988069C0BBFFE7AC
:10AE500001980068012811D1FFE701980268416854
:10AE6000C06900EB820212ED010A00EB810010EDD7
:10AE7000011A30EE410A8DED000A20E001980068C9
:10AE800070B1FFE701980168C06900EB810010ED27
:10AE9000010A10ED021A30EE410A8DED000A0DE0B4
:10AEA00001984168C06900EB810010ED010A10EDC6
:10AEB000021A30EE410A8DED000AFFE7FFE704E0D9
:10AEC0000199002088610090FFE79DED000A02B023
:10AED000704700000000000083B002900020019045
:10AEE0000090FFE7009802994968884222DAFFE75C
:10AEF0000298C169009A01EB820191ED000A90ED80
:10AF0000051AB4EE410AF1EE10FA0EDCFFE70298E2
:10AF1000C069009900EB810090ED001A9DED010AD7
:10AF200030EE010A8DED010AFFE7FFE700980130DE
:10AF30000090D7E79DED010A03B0704700000000C4
:10AF400082B00190002000900198006848B9FFE7A6
:10AF500001984168C06900EB810050F8040C009032
:10AF600008E001980168C06900EB810050F8040C0A
:10AF70000090FFE79DED000A02B07047000000005E
:10AF800040F26560C2F20040007840F2A551C2F282
:10AF900000410978084340F29251C2F20041097819
:10AFA000084370470000000080B588B00520FFF717
:10AFB00017FE03200790FFF73FFD40F6921001F0C7
:10AFC000A7FD9FED3A0A8DED010A01F085FD9FED89
:10AFD000380A8DED020A02F083F840F2A46001F015
:10AFE00097FD9DED020A01F077FD9DED010A02F04B
:10AFF00077F84FF4486001F08BFD9DED010A01F0F8
:10B000006BFD9DED020A02F06BF84FF4617001F0E8
:10B010007FFD9DED020A01F05FFD9FED260A8DED9B
:10B02000030A02F05DF840F6AC5001F071FD9DEDB1
:10B03000030A01F051FD9FED200A8DED050A02F093
:10B040004FF84FF42F7001F063FD9DED050A01F0FC
:10B0500043FD9FED1A0A8DED040A02F041F840F617
:10B06000543001F055FD9DED040A01F035FD9DEDD4
:10B07000050A02F035F84FF4E16001F049FD9DED5D
:10B08000050A01F029FD9FED0E0A8DED060A02F07A
:10B0900027F84FF4FA6001F03BFD9DED060A01F040
:10B0A0001BFD0798FFF7C8FC08B080BD000000003A
:10B0B000000034420000B442000007430000344363
:10B0C000000032430000000080B588B00520FFF783
:10B0D00087FD03200790FFF7AFFC40F6921001F0C8
:10B0E00017FD9FED460A8DED010A01F0F5FC9FED7D
:10B0F000440A8DED020A01F0F3FF4FF4966001F06F
:10B1000007FD9DED020A01F0E7FC9FED3E0A8DED83
:10B11000030A01F0E5FF40F2F46001F0F9FC9DED57
:10B12000030A01F0D9FC01F03BFD4FF68820CFF671
:10B13000FF7001F0EDFC9DED030A01F0CDFC9DEDEB
:10B14000010A01F0CDFF4FF4616001F0E1FC9DEDDB
:10B15000010A01F0C1FC9DED020A01F0C1FF4FF4AC
:10B160002F7001F0D5FC9DED020A01F0B5FC9DEDBC
:10B17000030A01F0B5FF40F6485001F0C9FC9DED0F
:10B18000030A01F0A9FC9FED200A8DED050A01F0EC
:10B19000A7FF4FF4617001F0BBFC9DED050A01F0C3
:10B1A0009BFC9FED1A0A8DED040A01F099FF40F611
:10B1B0008C2001F0ADFC9DED040A01F08DFC9DEDAD
:10B1C000050A01F08DFF4FF4E16001F0A1FC9DED57
:10B1D000050A01F081FC9FED0E0A8DED060A01F0D3
:10B1E0007FFF40F26C7001F093FC9DED060A01F0C8
:10B1F00073FC0798FFF720FC08B080BD000000003A
:10B20000000034420000B442000007430000344311
:10B2100000002F430000000080B58AB00520FFF732
:10B22000DFFC03200990FFF707FC40F6921001F0C5
:10B230006FFC9FED4D0A8DED010A01F04DFC9FED75
:10B240004B0A8DED020A01F04BFF40F2A46001F0C1
:10B250005FFC9DED020A01F03FFC9DED010A01F04B
:10B260003FFF4FF4486001F053FC9DED010A01F0EF
:10B2700033FC9DED020A01F033FF4FF42F70049070
:10B2800001F046FC9DED020A01F026FC9FED380A14
:10B290008DED030A01F024FF40F6AC5001F038FCBC
:10B2A0009DED030A01F018FC9FED320A8DED070AAF
:10B2B00001F016FF049801F02BFC9DED070A01F048
:10B2C0000BFC9FED2D0A8DED060A01F009FF40F6FB
:10B2D000340001F01DFC9DED060A01F0FDFB9FED21
:10B2E000270A8DED050A01F0FBFE4FF4966001F090
:10B2F0000FFC9DED050A01F0EFFB01F051FC4FF64C
:10B300005030CFF6FF7001F003FC9DED050A01F00F
:10B31000E3FB9DED060A01F0E3FE40F2EE2001F0B2
:10B32000F7FB9DED060A01F0D7FB9DED070A01F042
:10B33000D7FE4FF4E16001F0EBFB9DED070A01F051
:10B34000CBFB9FED0F0A8DED080A01F0C9FE4FF40B
:10B35000FA6001F0DDFB9DED080A01F0BDFB0998E4
:10B36000FFF76AFB0AB080BD000000000000344215
:10B370000000B4420000074300003443000087434C
:10B3800000002F430000000080B58AB00520FFF7C1
:10B3900027FC03200990FFF74FFB40F6921001F0C5
:10B3A000B7FB9FED4D0A8DED000A01F095FB9FED77
:10B3B0004B0A8DED010A01F093FE40F2A460069065
:10B3C00001F0A6FB9DED010A01F086FB9DED000A50
:10B3D00001F086FE4FF4486001F09AFB9DED000AF3
:10B3E00001F07AFB9DED010A01F07AFE4FF42F7017
:10B3F000039001F08DFB9DED010A01F06DFB9FEDC7
:10B40000380A8DED020A01F06BFE40F6AC5001F0F7
:10B410007FFB9DED020A01F05FFB9FED320A8DED8F
:10B42000070A01F05DFE039801F072FB9DED070A2B
:10B4300001F052FB9FED2C0A8DED050A01F050FE44
:10B4400040F6340001F064FB9DED050A01F044FB79
:10B450009FED260A8DED040A01F042FE4FF6EC2026
:10B46000CFF6FF7001F054FB9DED040A01F034FBB0
:10B4700001F096FB40F2145001F04AFB9DED040AE6
:10B4800001F02AFB9DED050A01F02AFE4FF45C70E5
:10B4900001F03EFB9DED050A01F01EFB9DED070A44
:10B4A00001F01EFE069801F033FB9DED070A01F046
:10B4B00013FB9FED0F0A8DED080A01F011FE4FF40A
:10B4C000FA6001F025FB9DED080A01F005FB0998E3
:10B4D000FFF7B2FA0AB080BD00000000000034425D
:10B4E0000000B442000007430000344300008743DB
:10B4F00000002F430000000080B588B00520FFF752
:10B500006FFB03200790FFF797FA40F6921001F0C7
:10B51000FFFA9FED3F0A8DED010A01F0DDFA9FED84
:10B520003D0A8DED020A01F0DBFD40F2A46001F05E
:10B53000EFFA9DED020A01F0CFFA9DED010A01F04C
:10B54000CFFD4FF4486001F0E3FA9DED010A01F0F0
:10B55000C3FA9DED020A01F0C3FD4FF42F70039072
:10B5600001F0D6FA9DED020A01F0B6FA9FED2A0A23
:10B570008DED050A01F0B4FD40F6AC5001F0C8FABB
:10B580009DED050A01F0A8FA9FED240A8DED040A4D
:10B5900001F0A6FD039801F0BBFA9DED040A01F04D
:10B5A0009BFA9FED1F0A8DED060A01F099FD40F60A
:10B5B000485001F0ADFA9DED060A01F08DFA9DEDBF
:10B5C000050A01F08DFD4FF62420CFF6FF7001F043
:10B5D0009FFA9DED050A01F07FFA01F0E1FA9DED79
:10B5E000050A01F07DFD40F2DC5001F091FA9DED7D
:10B5F000050A01F071FA4FF47A6001F089FA9DEDC5
:10B60000060A01F069FA0798FFF716FA08B080BD3C
:10B6100000000000000034420000B4420000074374
:10B62000000034430000000080B588B00520FFF71B
:10B63000D7FA03200790FFF7FFF940F6921001F0C8
:10B6400067FA9FED4C0A8DED000A01F045FA9FED77
:10B650004A0A8DED010A01F043FD4FF4E16001F06B
:10B6600057FA9DED010A01F037FA9DED000A01F04D
:10B6700037FD4FF48C6001F04BFA9DED000A01F0AC
:10B680002BFA9FED3E0A8DED020A01F029FD4FF6DF
:10B690008820CFF6FF7001F03BFA9DED020A01F021
:10B6A0001BFA01F07DFA4FF4AF6001F031FA9DED25
:10B6B000020A01F011FA9DED000A01F011FD4FF4AC
:10B6C000FA6001F025FA9DED000A01F005FA9DED02
:10B6D000010A01F005FD4FF42F7001F019FA9DEDFC
:10B6E000010A01F0F9F99DED020A01F0F9FC40F6BA
:10B6F000485001F00DFA9DED020A01F0EDF99FEDC1
:10B70000200A8DED040A01F0EBFC4FF4617001F0AA
:10B71000FFF99DED040A01F0DFF99FED1A0A8DEDA6
:10B72000030A01F0DDFC40F6282001F0F1F99DED5F
:10B73000030A01F0D1F99DED040A01F0D1FC40F2B9
:10B740006C70059001F0E4F99DED040A01F0C4F974
:10B750009FED0D0A8DED060A01F0C2FC059801F07F
:10B76000D7F99DED060A01F0B7F90798FFF764F9DC
:10B7700008B080BD00000000000034420000B44268
:10B78000000007430000344300002F430000000086
:10B7900080B588B003200790FFF74EF940F692106D
:10B7A00001F0B6F99FED4C0A8DED000A01F094F915
:10B7B0009FED4A0A8DED010A01F092FC4FF4E16021
:10B7C000049001F0A5F99DED010A01F085F99DEDC8
:10B7D000000A01F085FC40F24C4001F099F99DED22
:10B7E000000A01F079F99FED3E0A8DED020A01F0A1
:10B7F00077FC40F2145001F08BF99DED020A01F044
:10B800006BF901F0CDF94FF6EC20CFF6FF7001F0A7
:10B810007FF99DED020A01F05FF99DED000A01F04C
:10B820005FFC4FF4FA6001F073F99DED000A01F03E
:10B8300053F99DED010A01F053FC4FF42F7001F014
:10B8400067F99DED010A01F047F99DED020A01F04B
:10B8500047FC40F6485001F05BF99DED020A01F00B
:10B860003BF99FED200A8DED050A01F039FC4FF4FC
:10B87000617001F04DF99DED050A01F02DF99FED84
:10B880001A0A8DED030A01F02BFC40F6282001F086
:10B890003FF99DED030A01F01FF99DED050A01F046
:10B8A0001FFC049801F034F99DED050A01F014F92C
:10B8B0009FED0E0A8DED060A01F012FC40F26C704D
:10B8C00001F026F99DED060A01F006F90798FFF749
:10B8D000B3F808B080BD00BF000000000000344293
:10B8E0000000B442000007430000344300002F432F
:10B8F00080B588B00520FFF773F903200790FFF7A4
:10B900009BF840F6921001F003F99FED4C0A8DED83
:10B91000010A01F0E1F89FED4A0A8DED020A01F0FB
:10B92000DFFB4FF4E16001F0F3F89DED020A01F056
:10B93000D3F89DED010A01F0D3FB40F6FC0001F0C5
:10B94000E7F89DED010A01F0C7F89FED3E0A8DED85
:10B95000030A01F0C5FB4FF62420CFF6FF7001F07B
:10B96000D7F89DED030A01F0B7F801F019F940F29C
:10B97000DC5001F0CDF89DED030A01F0ADF89DED2E
:10B98000010A01F0ADFB4FF4487001F0C1F89DEDE4
:10B99000010A01F0A1F89DED020A01F0A1FB4FF4AC
:10B9A0002F7001F0B5F89DED020A01F095F89DEDBC
:10B9B000030A01F095FB40F6485001F0A9F89DED0F
:10B9C000030A01F089F89FED200A8DED050A01F0C8
:10B9D00087FB4FF4617001F09BF89DED050A01F0C3
:10B9E0007BF89FED1A0A8DED040A01F079FB40F611
:10B9F000282001F08DF89DED040A01F06DF89DED11
:10BA0000050A01F06DFB40F29E7001F081F89DED9A
:10BA1000050A01F061F89FED0E0A8DED060A01F0AE
:10BA20005FFB40F26C7001F073F89DED060A01F0C7
:10BA300053F80798FFF700F808B080BD0000000039
:10BA4000000034420000B4420000074300003443C9
:10BA500000002F430000000080B58AB00520FFF7EA
:10BA6000BFF803200990FEF7E7FF40F6921001F0BF
:10BA70004FF89FED4C0A8DED000A01F02DF89FED77
:10BA80004A0A8DED010A01F02BFB4FF4E1600590AD
:10BA900001F03EF89DED010A01F01EF89DED000A4F
:10BAA00001F01EFB40F6FC00079001F031F89DED1F
:10BAB000000A01F011F89FED3D0A8DED020A01F038
:10BAC0000FFB40F2145001F023F89DED020A01F043
:10BAD00003F801F065F84FF6EC20CFF6FF7001F0A7
:10BAE00017F89DED020A00F0F7FF9DED000A01F046
:10BAF000F7FA40F2EE2001F00BF89DED000A00F09D
:10BB0000EBFF9DED010A01F0EBFA4FF42F7003906B
:10BB100000F0FEFF9DED010A00F0DEFF9DED020A40
:10BB200001F0DEFA4FF4616000F0F2FF9DED020AD1
:10BB300000F0D2FF9FED1E0A8DED060A01F0D0FA4B
:10BB4000039800F0E5FF9DED060A00F0C5FF9FEDAC
:10BB5000190A8DED040A01F0C3FA4FF42F6000F0CA
:10BB6000D7FF9DED040A00F0B7FF9DED060A01F036
:10BB7000B7FA059800F0CCFF9DED060A00F0ACFF87
:10BB80009FED0D0A8DED080A01F0AAFA079800F062
:10BB9000BFFF9DED080A00F09FFF0998FEF74CFFDC
:10BBA0000AB080BD00000000000034420000B44232
:10BBB000000007430000344300002F430000000052
:10BBC00080B58AB00520FFF70BF803200990FEF737
:10BBD00033FF40F6921000F09BFF9FED3E0A8DED83
:10BBE000010A00F079FF9FED3C0A8DED020A01F099
:10BBF00077FA40F2A460069000F08AFF9DED020AF9
:10BC000000F06AFF9DED010A01F06AFA4FF4486006
:10BC100000F07EFF9DED010A00F05EFF9DED020A3F
:10BC200001F05EFA4FF42F70049000F071FF9DED6B
:10BC3000020A00F051FF9FED290A8DED030A01F081
:10BC40004FFA4FF69400CFF6FF7000F061FF00F05E
:10BC5000A7FF41F27C5000F05BFF9DED030A00F06E
:10BC60003BFF9FED1F0A8DED070A01F039FA04989A
:10BC700000F04EFF9DED070A00F02EFF9FED190A20
:10BC80008DED050A01F02CFA40F6543000F040FF2B
:10BC90009DED050A00F020FF9DED070A01F020FA56
:10BCA000069800F035FF9DED070A00F015FF9FEDA7
:10BCB0000E0A8DED080A01F013FA4FF4FA6000F055
:10BCC00027FF9DED080A00F007FF0998FEF7B4FE74
:10BCD0000AB080BD00000000000034420000B44201
:10BCE000000007430000344300002F430000000021
:10BCF00080B588B00520FEF773FF03200790FEF79C
:10BD00009BFE40F6921000F003FF9FED400A8DED80
:10BD1000000A00F0E1FE9FED3E0A8DED010A01F000
:10BD2000DFF940F2A46000F0F3FE9DED010A00F09F
:10BD3000D3FE9DED000A01F0D3F94FF4486000F006
:10BD4000E7FE9DED000A00F0C7FE9DED010A01F03F
:10BD5000C7F94FF42F70039000F0DAFE9DED010A51
:10BD600000F0BAFE9FED2B0A8DED020A01F0B8F942
:10BD700041F2E64000F0CCFE9DED020A00F0ACFE80
:10BD800000F00EFF4FF6F800CFF6FF7000F0C0FE97
:10BD90009FED210A00F0A0FE9FED200A8DED050A1F
:10BDA00001F09EF9039800F0B3FE9DED050A00F046
:10BDB00093FE9FED1B0A8DED040A01F091F940F608
:10BDC000543000F0A5FE9DED040A00F085FE9DEDC7
:10BDD000050A01F085F94FF4E16000F099FE9DED50
:10BDE000050A00F079FE9FED0F0A8DED060A01F0BD
:10BDF00077F94FF4FA6000F08BFE9DED060A00F033
:10BE00006BFE0798FEF718FE08B080BD000000002A
:10BE1000000034420000B2420000B4420000074378
:10BE20000000344300002F4380B58AB00520FEF7A0
:10BE3000D7FE03200990FEF7FFFD40F6921000F0B8
:10BE400067FE9FED4D0A8DED010A00F045FE9FED66
:10BE50004B0A8DED020A01F043F940F2A46000F0B4
:10BE600057FE9DED020A00F037FE9DED010A01F03C
:10BE700037F94FF4486000F04BFE9DED010A00F0E9
:10BE80002BFE9DED020A01F02BF94FF42F70049068
:10BE900000F03EFE9DED020A00F01EFE9FED380A06
:10BEA0008DED030A01F01CF940F6746000F030FEDD
:10BEB0009DED030A00F010FE9FED320A8DED070A9A
:10BEC00001F00EF9049800F023FE9DED070A00F042
:10BED00003FE9FED2D0A8DED060A01F001F94FF4E6
:10BEE0007A7000F015FE9DED060A00F0F5FD9FED5D
:10BEF000270A8DED050A01F0F3F840F2145000F026
:10BF000007FE9DED050A00F0E7FD00F049FE4FF643
:10BF1000EC20CFF6FF7000F0FBFD9DED050A00F070
:10BF2000DBFD9DED060A01F0DBF840F2EE7000F05B
:10BF3000EFFD9DED060A00F0CFFD9DED070A01F033
:10BF4000CFF84FF4E16000F0E3FD9DED070A00F04B
:10BF5000C3FD9FED0F0A8DED080A01F0C1F84FF403
:10BF6000FA6000F0D5FD9DED080A00F0B5FD0998D6
:10BF7000FEF762FD0AB080BD000000000000344200
:10BF80000000B44200000743000034430000874330
:10BF900000002F430000000080B58AB00520FEF7A6
:10BFA0001FFE03200990FEF747FD40F6921000F0B7
:10BFB000AFFD9FED4D0A8DED000A00F08DFD9FED68
:10BFC0004B0A8DED010A01F08BF840F2A460069057
:10BFD00000F09EFD9DED010A00F07EFD9DED000A42
:10BFE00001F07EF84FF4486000F092FD9DED000AEC
:10BFF00000F072FD9DED010A01F072F84FF42F7010
:10C00000039000F085FD9DED010A00F065FD9FEDB8
:10C01000380A8DED020A01F063F840F6AC5000F0EA
:10C0200077FD9DED020A00F057FD9FED320A8DED80
:10C03000070A01F055F8039800F06AFD9DED070A24
:10C0400000F04AFD9FED2C0A8DED050A01F048F83D
:10C050004FF4617000F05CFD9DED050A00F03CFDC1
:10C060009FED260A8DED040A01F03AF84FF6F21022
:10C07000CFF6FF7000F04CFD9DED040A00F02CFDA2
:10C0800000F08EFD40F20E6000F042FD9DED040ACE
:10C0900000F022FD9DED050A01F022F840F60200B5
:10C0A00000F036FD9DED050A00F016FD9DED070A36
:10C0B00001F016F8069800F02BFD9DED070A00F040
:10C0C0000BFD9FED0F0A8DED080A01F009F84FF402
:10C0D000FA6000F01DFD9DED080A00F0FDFC0998D6
:10C0E000FEF7AAFC0AB080BD000000000000344248
:10C0F0000000B442000007430000344300008743BF
:10C1000000002F430000000080B586B0DD208DF8D0
:10C11000170000208DF81600694664200190086021
:10C1200040F29400C2F200400490982102910DF177
:10C13000170201230393F6F70BF8019A0299039B68
:10C140000498EC46CCF800200DF11602F5F7F0FE4D
:10C150009DF8160080F0FF0006B080BD00000000D2
:10C1600080B588B08DED070ACDED060A8DED051A74
:10C170000490CDED031A2020F4F702F902900798FD
:10C180000299886006980299C8600598029908612A
:10C1900003980299486104980299486004988000C5
:10C1A000F4F7EEF80299C86100200190FFE70198CA
:10C1B000049988420BDAFFE70298C169019A0020CE
:10C1C00041F82200FFE7019801300190EFE7029962
:10C1D00001208861029900200860029808B080BDA3
:10C1E00080B582B040F26C50C2F200400078012865
:10C1F0004AD1FFE740F29250C2F20040007838B9CD
:10C20000FFE740F26C51C2F20041002008703BE0B1
:10C2100040F28450C2F2004090ED000A40F26060AB
:10C22000C2F20040D0ED000A00F0A6FF8DED010A39
:10C230009DED010AB1EE400A40F2B440C2F2004066
:10C2400000F032FB009000981F2803DBFFE71E2060
:10C250000090FFE7009810F11F0F04DCFFE76FF07C
:10C260001D000090FFE7009A40F26E51C2F20041BB
:10C270000878801A0870009A40F27D51C2F200419D
:10C28000087810440870FFE702B080BD000000008D
:10C2900080B582B08DED010A019840F28451C2F25E
:10C2A0000041086040F2B440C2F200409FED060A2F
:10C2B0009FED061AF0EE081A0521F0EE610A00F073
:10C2C0007FFB02B080BD00BF000000009A99993E3C
:10C2D00084B08DED020ACDED010A9DED010AB5EEA7
:10C2E000400AF1EE10FA05DBFFE79DED010A8DED46
:10C2F000000A06E09DED010AB1EE400A8DED000A4C
:10C30000FFE79DED000A8DED010A9DED020A9DED0E
:10C31000011AB4EE410AF1EE10FA03DBFFE70198CF
:10C32000039015E09DED020A9DED011AB1EE411A50
:10C33000B4EE410AF1EE10FA07DCFFE79DED010AC9
:10C34000B1EE400A8DED030A02E002980390FFE788
:10C350009DED030A04B0704780B582B000200190C3
:10C36000F6F7B2F9FBF7F8FFFBF712FAFBF7F8FA6A
:10C37000FBF73AFBFBF778FBFBF7B6FBFBF7CCFCD4
:10C38000FBF712FDFBF7B0FAFBF77EFCFBF754FD61
:10C39000FBF732FC40F28C30C2F2004040F209015F
:10C3A000C2F200410122FAF737FEFEF775FBFEF7F5
:10C3B0007FFBFFE7FEE7000082B08DF8070000205A
:10C3C00000909DF8070068B9FFE740F28011C2F2C3
:10C3D00000410868426A4EF6FF70121A009209681E
:10C3E0004862FFE79DF8070001280DD1FFE740F202
:10C3F0003411C2F200410868426A4EF6FF70121A08
:10C40000009209684862FFE79DF8070002280DD1F5
:10C41000FFE740F2E801C2F200410868426A4EF6C6
:10C42000FF70121A009209684862FFE7009802B094
:10C43000704700000000000080B590B0B2EE0E0A18
:10C440008DED010AB2EE041A8DED021A052004905A
:10C45000DFED4B1ACDED031AF0EE410AFFF780FE37
:10C460009DED010A9DED021ADDED031A01460498C7
:10C4700040F27802C2F200421160F0EE410AFFF78A
:10C480006FFE9DED010A9DED021ADDED031A0146D6
:10C49000049840F27C02C2F200421160F0EE410AC0
:10C4A000FFF75EFE40F28001C2F20041086040F2F8
:10C4B000CC10C2F20040059000210B91F9F788FEE4
:10C4C000059804210691F9F783FE05980821089143
:10C4D000F9F77EFE05990B980A6850630A68906325
:10C4E0000968C8630020C5F60200079020210122D8
:10C4F0000992F5F7D1FB07980B9A1021F5F7CCFBC1
:10C5000006990798099AF5F7C7FB079808990B9AB7
:10C51000F5F7C2FB099A41F20000C5F602000A9045
:10C520004FF48071F5F7B8FB0A980B9A4FF48061CD
:10C53000F5F7B2FB40F2E800C2F200400F903C2158
:10C540000C91F9F7D1FA0C9940F23410C2F2004084
:10C550000D90F9F7C9FA0C9940F28010C2F2004030
:10C560000E90F9F7C1FA0D9A0E990F9803684EF6DE
:10C57000FF705862126850620968486210B080BD4E
:10C580000000C8420000000080B590B00F900E91EE
:10C590000D924CF250300C9040F27800C2F2004004
:10C5A000006840F26D51C2F2004191F9001000EEB6
:10C5B000101AB8EEC00A9DED0F1AF8EEC10A00F08D
:10C5C00057FAB0EE401A40F27000C2F200400790F5
:10C5D00090ED000AB8EEC00A30EE010ABDEEC00AC6
:10C5E00080ED000A40F27C00C2F20040006840F298
:10C5F0007C51C2F2004191F9001000EE101AB8EE21
:10C60000C00A9DED0E1AF8EEC10A00F031FAB0EE44
:10C61000401A40F27400C2F20040089090ED000A07
:10C62000B8EEC00A30EE010ABDEEC00A80ED000A85
:10C6300040F28000C2F20040006840F29001C2F275
:10C64000004191F9001000EE101AB8EEC00A9DEDFD
:10C650000D1AF8EEC10A00F00BFA079A0899B0EE2D
:10C66000401A40F27050C2F2004090ED000AB8EE5D
:10C67000C00A30EE010ABDEEC00A80ED000A126861
:10C680000B9209680A91006809900B9800280ED453
:10C69000FFE70020C5F60200069020210122F5F7F1
:10C6A000FBFA069810210022F5F7F6FA0DE00020BB
:10C6B000C5F60200059020210022F5F7EDFA059855
:10C6C00010210122F5F7E8FAFFE70B98FEF778F959
:10C6D0000B900F9840B1FFE70B9840F2CC11C2F2DB
:10C6E00000410968486307E040F2CC10C2F2004004
:10C6F000016800204863FFE70A9800280ED4FFE78E
:10C700000020C5F60200049004210122F5F7C4FAC6
:10C71000049808210022F5F7BFFA0DE00020C5F6C5
:10C720000200039004210022F5F7B6FA03980821CD
:10C730000122F5F7B1FAFFE70A98FEF741F90A90EE
:10C740000A980C99884203DDFFE70C980A90FFE7EE
:10C750000E9840B1FFE70A9840F2CC11C2F20041B6
:10C760000968886307E040F2CC10C2F2004001681B
:10C7700000208863FFE70998002811D4FFE741F201
:10C780000000C5F6020002904FF480710122F5F717
:10C7900083FA02984FF480610022F5F77DFA10E0E9
:10C7A00041F20000C5F6020001904FF480710022B2
:10C7B000F5F772FA01984FF480610122F5F76CFAEF
:10C7C000FFE70998FEF7FCF8099009980C99884250
:10C7D00003DDFFE70C980990FFE70D9840B1FFE7F4
:10C7E000099840F2CC11C2F200410968C86307E021
:10C7F00040F2CC10C2F2004001680020C863FFE79D
:10C8000010B080BD0000000080B584B0FEF7B8FB1A
:10C81000002846D1FFE740F26E51C2F200410020ED
:10C820000390087040F27D51C2F20041087040F25E
:10C83000CC11C2F200410A68506309688863002085
:10C84000C5F602000190202101220292F5F724FA98
:10C850000198029A1021F5F71FFA0198029A042113
:10C86000F5F71AFA0198029A0821F5F715FA0398D4
:10C8700040F27001C2F20041086040F27401C2F25D
:10C880000041086040F27800C2F20040006800F009
:10C89000CFF840F27C00C2F20040006800F0C8F817
:10C8A000FFE704B080BD000080B588B007908DED33
:10C8B000060A079890ED030A9DED061A30EE410A2C
:10C8C0008DED050A9DED050A0798017C00EB8101BD
:10C8D00091ED051A30EE411A90ED2D0A30EE010A65
:10C8E00080ED2D0A059807990A7C01EB82014861C9
:10C8F00005980490079890ED2D0A407C01EE100AEF
:10C90000B8EEC11A80EE010A8DED030A0798007C8B
:10C9100068B9FFE79DED050A0798417C00EB8100AF
:10C9200090ED041A30EE410A8DED010A0CE09DED08
:10C93000050A0798017C00EB810090ED041A30EEA7
:10C94000410A8DED010AFFE79DED010A8DED020A16
:10C950000799087C497C0130884203D1FFE7002019
:10C96000009004E00798007C01300090FFE70098F9
:10C97000079908749DED030ADFED0F0AFFF7A8FC85
:10C980008DED030A07989DED043A9DED034A90ED65
:10C99000002A90ED010A90ED021A20EE040AA2EEA0
:10C9A000030A9DED022AA1EE020ABDEEC00A10EEB6
:10C9B000100A08B080BD00BF000020420000000047
:10C9C00087B006908DED050ACDED040A8DED031AB2
:10C9D000CDED021A8DF807100498069908600398A7
:10C9E0000699486002980699886005980699C8607B
:10C9F0000699002008749DF80710069A517400905B
:10CA0000FFE700989DF8071088420BDAFFE70698C9
:10CA1000009900EB810100204861FFE70098013098
:10CA20000090EEE706990020C1F8B40007B0704707
:10CA300082B001900199012088610199002008606D
:10CA40000090FFE700980199496888420BDAFFE7F8
:10CA50000198C169009A002041F82200FFE7009880
:10CA600001300090EEE702B07047000000000000C7
:10CA700080B586B005908DED040ACDED030A0598CA
:10CA80009DED040ADDED030A00F026FC0598FEF793
:10CA900057FA8DED020A0598FEF71EFA8DED010A90
:10CAA0000598FEF7CDF98DED000A05989DED023A47
:10CAB0009DED014A90ED022A90ED030A90ED041AD3
:10CAC00020EE040AA2EE030A9DED002AA1EE020A5E
:10CAD00006B080BD0000000080B582B08DED010A77
:10CAE00040F29250C2F20040007801280BD1FFE7DB
:10CAF0009DED010AFFF7CCFB40F26C51C2F2004100
:10CB000001200870FFE702B080BD000000000000B7
:10CB100080B582B0ADF80600FFE7FEF731FA08B144
:10CB2000FFE7FAE7BDF90600C043C10F40F2080075
:10CB3000C2F200400170007820B1FFE7BDF90600A5
:10CB4000009004E0BDF9060040420090FFE7009825
:10CB500040F29051C2F20041088040F29251C2F27C
:10CB600000410120087002B080BD000000000000FC
:10CB700080B582B040F28801C2F2004100200190ED
:10CB8000087040F28C00C2F2004000900068F3F799
:10CB900026FC00990198086002B080BD00000000EA
:10CBA00080B50220FDF748FF0520FEF719F80320A5
:10CBB000FDF742FF80BD000081B040F29250C2F20A
:10CBC00000400078002800F0BC80FFE740F2905061
:10CBD000C2F20040B0F900000128C0F28C80FFE7EB
:10CBE00040F20800C2F2004001786FF03B000029DB
:10CBF00018BF3C208DF8030040F29050C2F2004074
:10CC0000B0F90000B0F5FA7F08DAFFE79DF90300FC
:10CC100000EBD07040088DF80300FFE740F2905021
:10CC2000C2F20040B0F90000B0F5967F08DAFFE7E5
:10CC30009DF9030000EBD07040088DF80300FFE77A
:10CC400040F29050C2F20040B0F90000632808DCC6
:10CC5000FFE79DF9030000EBD07040088DF803005A
:10CC6000FFE79DF8032040F26E51C2F200410878C0
:10CC7000104408709DF8032040F27D51C2F200413B
:10CC800008781044087040F20800C2F200400078B2
:10CC9000C0B1FFE740F26D50C2F2004090F90000D1
:10CCA00040F27C51C2F2004191F90010084400EBBF
:10CCB000D07240F29051C2F200410888A0EB5200BD
:10CCC000088017E040F26D50C2F2004090F9000079
:10CCD00040F27C51C2F2004191F90010084400EB8F
:10CCE000D07240F29051C2F20041088800EB52002D
:10CCF0000880FFE724E040F29251C2F20041002098
:10CD0000087040F26E51C2F20041087040F27D514D
:10CD1000C2F20041087040F29051C2F20041088016
:10CD200040F28051C2F20041086040F28851C2F2E4
:10CD30000041086040F28C51C2F200410860FFE7F8
:10CD4000FFE701B07047000080B586B040F2656033
:10CD5000C2F200400078002800F0DF80FFE740F2D8
:10CD60006D50C2F2004090F90000FDF739FE024616
:10CD700040F29451C2F200410291088810440880A8
:10CD800040F27C50C2F2004090F90000FDF728FE0E
:10CD90000346029840F29651C2F200410A881A44B2
:10CDA0000A8000880988401AADF8120040F29850B5
:10CDB000C2F200400068BDF9121000EE101AB8EE81
:10CDC000C00ADFED570AFFF753FEBDEEC00A10EEB2
:10CDD000100AADF8100040F22070C2F2004090F945
:10CDE0000000012809D1FFE700F052FA40F220715B
:10CDF000C2F2004100200870FFE740F28400C2F256
:10CE0000004090ED000A40F27850C2F20040D0EDB0
:10CE1000000A00F0B1F98DED050A9DED050AB1EEAD
:10CE2000400A40F26860C2F20040FFF73DFD039007
:10CE30009DED050AB0EE001AB4EE410AF1EE10FACB
:10CE400047DCFFE79DED050AB8EE001AB4EE410A93
:10CE5000F1EE10FA3DDBFFE740F26460C2F2004001
:10CE600001780139017090F9000088BBFFE740F2BA
:10CE70006561C2F2004100200190087040F2840117
:10CE8000C2F20041086040F27851C2F200410860ED
:10CE900040F26E51C2F20041087040F27D51C2F280
:10CEA0000041087040F29451C2F20041088040F203
:10CEB0009651C2F20041088040F29850C2F2004000
:10CEC00000900068F3F78BFA00990198086024E05D
:10CED000FFE70398082803DBFFE71E200390FFE726
:10CEE000039810F1080F04DCFFE76FF01D000390BA
:10CEF000FFE70398BDF810100844404240F26E511D
:10CF0000C2F2004108700398BDF81010401A40F2B8
:10CF10007D51C2F200410870FFE706B080BD00BF3E
:10CF2000000000000000000080B584B040F2A55071
:10CF3000C2F200400078002800F0AA80FFE740F22B
:10CF40006D50C2F2004090F90000FDF749FD024625
:10CF500040F29C51C2F200410091088810440880C0
:10CF600040F27C50C2F2004090F90000FDF738FD1D
:10CF70000346009840F29E51C2F200410A881A44CA
:10CF80000A8000880988401AADF80A000020ADF830
:10CF9000080040F2A050C2F2004090ED000A40F2BA
:10CFA0006060C2F20040D0ED000A00F0E5F88DEDBF
:10CFB000030A9DED030AB1EE400A40F2A850C2F206
:10CFC0000040FFF771FC01909DED030AB0EE001ADE
:10CFD000B4EE410AF1EE10FA36DCFFE79DED030AEC
:10CFE000B8EE001AB4EE410AF1EE10FA2CDBFFE7BE
:10CFF00040F2A450C2F2004001780139017090F96A
:10D00000000000BBFFE740F2A551C2F20041002042
:10D01000087040F2A051C2F20041086040F26E5127
:10D02000C2F20041087040F27D51C2F20041087026
:10D0300040F29C51C2F20041088040F29E51C2F27F
:10D040000041088024E0FFE70198082803DBFFE7A0
:10D050001E200190FFE7019810F1080F04DCFFE7A4
:10D060006FF01D000190FFE70198BDF8081008441B
:10D07000404240F26E51C2F2004108700198BDF882
:10D080000810401A40F27D51C2F200410870FFE7DB
:10D0900004B080BD0000000080B53F20F3F774FBB2
:10D0A0009FED0C1A30EE010A40F26060C2F20040BF
:10D0B00080ED000A40F2A850C2F20040DFED060AFF
:10D0C000DFED061A0521B0EE610AB0EE611AFFF736
:10D0D00077FC80BD000034439A99193F000000009E
:10D0E00080B582B08DED010AFFE7FDF749FF08B179
:10D0F000FFE7FAE740F2A551C2F2004101200870B3
:10D10000019A40F2A053C2F200431A6040F2A452C6
:10D11000C2F20042107040F26560C2F20040007836
:10D1200040F29252C2F2004212781043097808434A
:10D1300040F27451C2F20041087002B080BD00009C
:10D1400082B08DED010A9DED010AB5EE400AF1EEC7
:10D1500010FA05DBFFE79DED010A8DED000A06E000
:10D160009DED010AB1EE400A8DED000AFFE79DED4D
:10D17000000A02B07047000080B588B08DED060A45
:10D18000CDED050A3F20F3F7FFFA9FED3D1A30EE93
:10D19000010A8DED040A9DED050A9DED061A30EE9B
:10D1A000010A8DED030A9DED030A9FED361AB4EED8
:10D1B000410AF1EE10FA09DDFFE79DED030A9FED4C
:10D1C000321A30EE010A8DED010A04E09DED030AEA
:10D1D0008DED010AFFE79DED010A8DED030A9DED3E
:10D1E000030AB5EE400AF1EE10FA09DAFFE79DED09
:10D1F000030A9FED241A30EE010A8DED000A04E0C7
:10D200009DED030A8DED000AFFE79DED000A8DED0F
:10D21000030A9DED030A9DED041A30EE410A8DEDDF
:10D22000020A9DED020AFFF78BFF9FED151AB4EE7F
:10D23000410AF1EE10FA03DCFFE7029807901BE0C9
:10D240009DED020A9FED0E1AB4EE410AF1EE10FABE
:10D2500009DDFFE79DED020A9FED0B1A30EE010A92
:10D260008DED070A08E09DED020A9FED061A30EEEB
:10D27000010A8DED070AFFE79DED070A08B080BDA2
:10D28000000034430000B4430000B4C300000000B9
:10D2900080B53F20F3F778FA9FED0C1A30EE010AC3
:10D2A00040F27850C2F2004080ED000A40F268601F
:10D2B000C2F20040DFED060ADFED061A0521B0EEEE
:10D2C000610AB0EE611AFFF77BFB80BD00003443BA
:10D2D0009A99193F0000000084B003908DED020A76
:10D2E000CDED010A9DED010A9DED021A30EE410AD5
:10D2F0008DED000A009803990A68C96941F8220077
:10D30000039908680130086003990B684A6893FB29
:10D31000F2F000FB1230086004B07047F1EE100A22
:10D320004FF6FF71C0F2C03120EA010040F04070BA
:10D33000E1EE100A70470000000001020304010240
:10D340000304060708090804020408010101010199
:10D3500001030701000001000200040006000800AC
:10D360000A000C00100020004000800000010000B6
:10D3700090D300080000002410000000D402000830
:10D38000A0D3000810000024180D0000F0020008CF
:10D390000090D0030090D00301FF010010000000B6
:040000050800029954
:00000001FF
